Customer ID,Customer Name,Segment,City,State,Country,Market,Region
AG-900,Arthur Gainer,Consumer,Kano,Kano,Nigeria,Africa,Africa
KW-6435,Katrina Willman,Consumer,Chitungwiza,Harare,Zimbabwe,Africa,Africa
WB-11850,William Brown,Consumer,Istanbul,Istanbul,Turkey,EMEA,EMEA
BV-1245,Benjamin Venier,Corporate,Kahramanmaras,Kahramanmaras,Turkey,EMEA,EMEA
LT-7110,Liz Thompson,Consumer,Gdansk,Pomerania,Poland,EMEA,EMEA
QJ-9255,Quincy Jones,Corporate,Magnitogorsk,Chelyabinsk,Russia,EMEA,EMEA
MC-7605,Matt Connell,Corporate,Nairobi,Nairobi,Kenya,Africa,Africa
TG-11310,Toby Gnade,Consumer,Red Deer,Alberta,Canada,Canada,Canada
HM-4860,Harry Marie,Corporate,Dakar,Dakar,Senegal,Africa,Africa
TT-11070,Ted Trevino,Consumer,Algiers,Alger,Algeria,Africa,Africa
RB-9465,Rick Bensley,Home Office,Mosul,Ninawa,Iraq,EMEA,EMEA
DK-2985,Darren Koutras,Consumer,Kano,Kano,Nigeria,Africa,Africa
DP-3390,Dennis Pardue,Home Office,Abha,'Asir,Saudi Arabia,EMEA,EMEA
BK-1260,Berenike Kampe,Consumer,Istanbul,Istanbul,Turkey,EMEA,EMEA
FH-4350,Fred Harton,Consumer,Mersin,Mersin,Turkey,EMEA,EMEA
MS-7770,Maxwell Schwartz,Consumer,Tunis,Tunis,Tunisia,Africa,Africa
NB-8655,Nona Balk,Corporate,Likasi,Katanga,Democratic Republic of the Congo,Africa,Africa
RD-9720,Roger Demir,Consumer,Sofia,Sofiya-Grad,Bulgaria,EMEA,EMEA
PP-8955,Paul Prost,Home Office,Maiduguri,Borno,Nigeria,Africa,Africa
DW-3195,David Wiener,Corporate,Shahriar,Tehran,Iran,EMEA,EMEA
FC-4335,Fred Chung,Corporate,Baghdad,Baghdad,Iraq,EMEA,EMEA
BC-1125,Becky Castell,Home Office,Istanbul,Istanbul,Turkey,EMEA,EMEA
CM-2445,Chuck Magee,Consumer,Dakar,Dakar,Senegal,Africa,Africa
SR-10740,Steven Roelle,Home Office,Mogadishu,Banaadir,Somalia,Africa,Africa
VD-11670,Valerie Dominguez,Consumer,Kocaeli,Kocaeli,Turkey,EMEA,EMEA
VP-11730,Victor Preis,Home Office,Lagos,Lagos,Nigeria,Africa,Africa
DB-3615,Doug Bickford,Consumer,Lagos,Lagos,Nigeria,Africa,Africa
JD-5895,Jonathan Doherty,Corporate,Durres,Durrës,Albania,EMEA,EMEA
KM-6660,Khloe Miller,Consumer,Malatya,Malatya,Turkey,EMEA,EMEA
RP-9270,Rachel Payne,Corporate,Bishkek,Bishkek,Kyrgyzstan,EMEA,EMEA
SZ-10035,Sam Zeldin,Home Office,Baraki,Tipaza,Algeria,Africa,Africa
JS-5880,John Stevenson,Consumer,Zaria,Kaduna,Nigeria,Africa,Africa
SH-9975,Sally Hughsby,Corporate,Riyadh,Ar Riyad,Saudi Arabia,EMEA,EMEA
JO-5280,Jas O'Carroll,Consumer,Varna,Varna,Bulgaria,EMEA,EMEA
MC-8100,Mick Crebagga,Consumer,Baghdad,Baghdad,Iraq,EMEA,EMEA
JG-5805,John Grady,Corporate,East London,Eastern Cape,South Africa,Africa,Africa
BE-1410,Bobby Elias,Consumer,L'viv,L'viv,Ukraine,EMEA,EMEA
JW-5955,Joni Wasserman,Consumer,Alexandria,Al Iskandariyah,Egypt,Africa,Africa
SE-10110,Sanjit Engle,Consumer,Mbuji-mayi,Kasai-Oriental,Democratic Republic of the Congo,Africa,Africa
DF-3135,David Flashing,Consumer,Ankara,Ankara,Turkey,EMEA,EMEA
PS-8970,Paul Stevenson,Home Office,Hargeysa,Woqooyi Galbeed,Somalia,Africa,Africa
SC-10230,Scot Coram,Corporate,Fes,Fès-Boulemane,Morocco,Africa,Africa
MS-7830,Melanie Seite,Consumer,Riyadh,Ar Riyad,Saudi Arabia,EMEA,EMEA
DW-3540,Don Weiss,Consumer,Taizz,Ta'izz,Yemen,EMEA,EMEA
TS-11205,Thomas Seio,Corporate,Ardabil,Ardabil,Iran,EMEA,EMEA
DJ-3420,Denny Joy,Corporate,Cairo,Al Qahirah,Egypt,Africa,Africa
CJ-2010,Caroline Jumper,Consumer,Coquitlam,British Columbia,Canada,Canada,Canada
HR-4830,Harold Ryan,Corporate,Izmir,Izmir,Turkey,EMEA,EMEA
RM-9375,Raymond Messe,Consumer,Izmir,Izmir,Turkey,EMEA,EMEA
AB-600,Ann Blume,Corporate,Bytom,Silesia,Poland,EMEA,EMEA
NZ-8565,Nick Zandusky,Home Office,Baghdad,Baghdad,Iraq,EMEA,EMEA
DB-3555,Dorothy Badders,Corporate,Ankara,Ankara,Turkey,EMEA,EMEA
MC-7590,Matt Collister,Corporate,Bamenda,Nord-Ouest,Cameroon,Africa,Africa
CD-2790,Cynthia Delaney,Home Office,Nairobi,Nairobi,Kenya,Africa,Africa
GB-4530,George Bell,Corporate,Kumba,Sud-Ouest,Cameroon,Africa,Africa
SS-10875,Sung Shariari,Consumer,Istanbul,Istanbul,Turkey,EMEA,EMEA
MA-7560,Matt Abelman,Home Office,Lodz,Lodz,Poland,EMEA,EMEA
TB-11055,Ted Butterfield,Consumer,Kano,Kano,Nigeria,Africa,Africa
EB-3750,Edward Becker,Corporate,Termez,Surxondaryo,Uzbekistan,EMEA,EMEA
LH-7155,Logan Haushalter,Consumer,Mississauga,Ontario,Canada,Canada,Canada
RM-9750,Roland Murray,Consumer,Basra,Al Basrah,Iraq,EMEA,EMEA
RS-9420,Ricardo Sperren,Corporate,Winnipeg,Manitoba,Canada,Canada,Canada
RH-9555,Ritsa Hightower,Consumer,Stara Zagora,Stara Zagora,Bulgaria,EMEA,EMEA
SC-10800,Stuart Calhoun,Consumer,Kermanshah,Kermanshah,Iran,EMEA,EMEA
LS-6975,Lindsay Shagiari,Home Office,Mersin,Mersin,Turkey,EMEA,EMEA
LO-7170,Lori Olson,Corporate,Panevezys,Panevezys,Lithuania,EMEA,EMEA
MH-7785,Maya Herman,Corporate,Sale,Rabat-Salé-Zemmour-Zaer,Morocco,Africa,Africa
DP-3000,Darren Powers,Consumer,Antalya,Antalya,Turkey,EMEA,EMEA
MH-8115,Mick Hernandez,Home Office,Antananarivo,Analamanga,Madagascar,Africa,Africa
TB-11400,Tom Boeckenhauer,Consumer,Liberec,Liberec,Czech Republic,EMEA,EMEA
SV-10935,Susan Vittorini,Consumer,Ilesha,Osun,Nigeria,Africa,Africa
AA-375,Allen Armold,Consumer,Montréal,Quebec,Canada,Canada,Canada
NF-8475,Neil Französisch,Home Office,Izmir,Izmir,Turkey,EMEA,EMEA
VM-11835,Vivian Mathis,Consumer,Kinshasa,Kinshasa,Democratic Republic of the Congo,Africa,Africa
DB-3660,Duane Benoit,Consumer,Istanbul,Istanbul,Turkey,EMEA,EMEA
KD-6270,Karen Daniels,Consumer,Izmir,Izmir,Turkey,EMEA,EMEA
MG-8145,Mike Gockenbach,Consumer,Lubumbashi,Katanga,Democratic Republic of the Congo,Africa,Africa
LC-6930,Linda Cazamias,Corporate,Alexandria,Al Iskandariyah,Egypt,Africa,Africa
SH-10395,Shahid Hopkins,Consumer,Bishkek,Bishkek,Kyrgyzstan,EMEA,EMEA
AH-465,Amy Hunt,Consumer,Akhisar,Manisa,Turkey,EMEA,EMEA
BD-1605,Brian Dahlen,Consumer,Holon,Tel Aviv,Israel,EMEA,EMEA
JE-5610,Jim Epp,Corporate,Lagos,Lagos,Nigeria,Africa,Africa
JB-6045,Julia Barnett,Home Office,Cairo,Al Qahirah,Egypt,Africa,Africa
NC-8415,Nathan Cano,Consumer,L'viv,L'viv,Ukraine,EMEA,EMEA
CM-2190,Charlotte Melton,Consumer,Gyor,Gyor,Hungary,EMEA,EMEA
PG-8820,Patrick Gardner,Consumer,Astrakhan',Astrakhan',Russia,EMEA,EMEA
AS-90,Adam Shillingsburg,Consumer,Cape Town,Western Cape,South Africa,Africa,Africa
CT-1995,Carol Triggs,Consumer,Donets'k,Donetsk,Ukraine,EMEA,EMEA
CC-2550,Clay Cheatham,Consumer,Ibadan,Oyo,Nigeria,Africa,Africa
NP-8685,Nora Pelletier,Home Office,Pretoria,Gauteng,South Africa,Africa,Africa
LH-6900,Lena Hernandez,Consumer,Luanda,Luanda,Angola,Africa,Africa
VG-11790,Vivek Gonzalez,Consumer,Cairo,Al Qahirah,Egypt,Africa,Africa
IM-5070,Irene Maddox,Consumer,Kocaeli,Kocaeli,Turkey,EMEA,EMEA
FH-4275,Frank Hawley,Corporate,Arbil,Arbil,Iraq,EMEA,EMEA
SH-10635,Stefanie Holloman,Corporate,Chisinau,Chisinau,Moldova,EMEA,EMEA
TW-11025,Tamara Willingham,Home Office,Lagos,Lagos,Nigeria,Africa,Africa
AS-45,Aaron Smayling,Corporate,Cape Town,Western Cape,South Africa,Africa,Africa
MC-7845,Michael Chen,Consumer,Katowice,Silesia,Poland,EMEA,EMEA
JC-5340,Jasper Cacioppo,Consumer,Varna,Varna,Bulgaria,EMEA,EMEA
JL-5235,Janet Lee,Consumer,Laval,Quebec,Canada,Canada,Canada
TN-11040,Tanja Norvell,Home Office,Bagamoyo,Pwani,Tanzania,Africa,Africa
TB-11520,Tracy Blumstein,Consumer,Mombasa,Coast,Kenya,Africa,Africa
SU-10665,Stephanie Ulpright,Home Office,Riyadh,Ar Riyad,Saudi Arabia,EMEA,EMEA
YS-11880,Yana Sorensen,Corporate,Sanandaj,Kordestan,Iran,EMEA,EMEA
PF-9165,Philip Fox,Consumer,Boghni,Tizi Ouzou,Algeria,Africa,Africa
LH-6750,Larry Hughes,Consumer,Kinshasa,Kinshasa,Democratic Republic of the Congo,Africa,Africa
SM-10905,Susan MacKendrick,Consumer,Koidu,Eastern,Sierra Leone,Africa,Africa
LM-7065,Liz MacKendrick,Consumer,Constantine,Constantine,Algeria,Africa,Africa
LC-7140,Logan Currie,Consumer,Zhlobin,Homyel',Belarus,EMEA,EMEA
RC-9825,Roy Collins,Consumer,Budapest,Budapest,Hungary,EMEA,EMEA
KT-6480,Kean Thornton,Consumer,Cairo,Al Qahirah,Egypt,Africa,Africa
MH-7290,Marc Harrigan,Home Office,Nampula,Nampula,Mozambique,Africa,Africa
JF-5490,Jeremy Farry,Consumer,Ivano-Frankivs'k,Ivano-Frankivsk,Ukraine,EMEA,EMEA
JM-5250,Janet Martin,Consumer,Kaduna,Kaduna,Nigeria,Africa,Africa
HG-4965,Henry Goldwyn,Corporate,Van,Van,Turkey,EMEA,EMEA
PO-8865,Patrick O'Donnell,Consumer,Guelma,Guelma,Algeria,Africa,Africa
BF-1005,Barry Franz,Home Office,Almaty,Almaty City,Kazakhstan,EMEA,EMEA
AT-435,Alyssa Tate,Home Office,Gdansk,Pomerania,Poland,EMEA,EMEA
AG-390,Allen Goldenen,Consumer,Kayseri,Kayseri,Turkey,EMEA,EMEA
CC-2670,Craig Carreira,Consumer,Beirut,Beirut,Lebanon,EMEA,EMEA
KC-6675,Kimberly Carter,Corporate,Johannesburg,Gauteng,South Africa,Africa,Africa
EH-3990,Erica Hackney,Consumer,Kananga,Kasai-Occidental,Democratic Republic of the Congo,Africa,Africa
AG-300,Aleksandra Gannaway,Corporate,Istanbul,Istanbul,Turkey,EMEA,EMEA
RM-9675,Robert Marley,Home Office,Uskudar,Istanbul,Turkey,EMEA,EMEA
JM-6195,Justin MacKendrick,Consumer,Istanbul,Istanbul,Turkey,EMEA,EMEA
AB-165,Alan Barnes,Consumer,Hamilton,Ontario,Canada,Canada,Canada
TB-11280,Toby Braunhardt,Consumer,Khorramshahr,Khuzestan,Iran,EMEA,EMEA
JL-5835,John Lee,Consumer,Baku,Baki,Azerbaijan,EMEA,EMEA
EA-4035,Erin Ashbrook,Corporate,Kermanshah,Kermanshah,Iran,EMEA,EMEA
DL-3330,Denise Leinenbach,Consumer,Brampton,Ontario,Canada,Canada,Canada
JS-6030,Joy Smith,Consumer,Kitchener,Ontario,Canada,Canada,Canada
DM-3525,Don Miller,Corporate,Abadan,Khuzestan,Iran,EMEA,EMEA
RH-9510,Rick Huthwaite,Home Office,Cairo,Al Qahirah,Egypt,Africa,Africa
CM-2715,Craig Molinari,Corporate,Ad Diwaniyah,Al Qadisiyah,Iraq,EMEA,EMEA
JL-5850,John Lucas,Consumer,Ebolowa,Sud,Cameroon,Africa,Africa
JD-5790,John Dryer,Consumer,Iringa,Iringa,Tanzania,Africa,Africa
MH-7440,Mark Haberlin,Corporate,Basra,Al Basrah,Iraq,EMEA,EMEA
ML-7395,Marina Lichtenstein,Corporate,Skikda,Skikda,Algeria,Africa,Africa
FP-4320,Frank Preis,Consumer,Alexandria,Al Iskandariyah,Egypt,Africa,Africa
JL-5505,Jeremy Lonsdale,Consumer,Mombasa,Coast,Kenya,Africa,Africa
LR-6915,Lena Radford,Consumer,Gorgan,Golestan,Iran,EMEA,EMEA
SM-10320,Sean Miller,Home Office,Salihli,Manisa,Turkey,EMEA,EMEA
MB-7305,Maria Bertelson,Consumer,Kinshasa,Kinshasa,Democratic Republic of the Congo,Africa,Africa
TH-11115,Thea Hudgings,Corporate,Cape Town,Western Cape,South Africa,Africa,Africa
JS-5595,Jill Stevenson,Corporate,Izmir,Izmir,Turkey,EMEA,EMEA
JC-6105,Julie Creighton,Corporate,Izmir,Izmir,Turkey,EMEA,EMEA
TA-11385,Tom Ashbrook,Home Office,Lusaka,Lusaka,Zambia,Africa,Africa
NW-8400,Natalie Webber,Consumer,North York,Ontario,Canada,Canada,Canada
EH-4185,Evan Henry,Consumer,Musoma,Mara,Tanzania,Africa,Africa
AB-60,Adam Bellavance,Home Office,Baghdad,Baghdad,Iraq,EMEA,EMEA
SS-10515,Shirley Schmidt,Home Office,Varamin,Tehran,Iran,EMEA,EMEA
BF-1080,Bart Folk,Consumer,Lagos,Lagos,Nigeria,Africa,Africa
DB-3120,David Bremer,Corporate,Sale,Rabat-Salé-Zemmour-Zaer,Morocco,Africa,Africa
XP-11865,Xylona Preis,Consumer,Rabat,Rabat-Salé-Zemmour-Zaer,Morocco,Africa,Africa
MC-7635,Matthew Clasen,Corporate,Istanbul,Istanbul,Turkey,EMEA,EMEA
MO-7950,Michael Oakman,Consumer,Fes,Fès-Boulemane,Morocco,Africa,Africa
RB-9795,Ross Baird,Home Office,Chisinau,Chisinau,Moldova,EMEA,EMEA
VF-11715,Vicky Freymann,Home Office,Kananga,Kasai-Occidental,Democratic Republic of the Congo,Africa,Africa
SF-10200,Sarah Foster,Consumer,Bursa,Bursa,Turkey,EMEA,EMEA
MH-8025,Michelle Huthwaite,Consumer,Zaria,Kaduna,Nigeria,Africa,Africa
LE-6810,Laurel Elliston,Consumer,Vienna,Vienna,Austria,EMEA,EMEA
MN-7935,Michael Nguyen,Consumer,Kopeysk,Chelyabinsk,Russia,EMEA,EMEA
EM-4200,Evan Minnotte,Home Office,Izmir,Izmir,Turkey,EMEA,EMEA
TS-11370,Todd Sumrall,Corporate,Melitopol',Zaporizhzhya,Ukraine,EMEA,EMEA
JE-5715,Joe Elijah,Consumer,Kampala,Kampala,Uganda,Africa,Africa
BD-1560,Brendan Dodson,Home Office,Kano,Kano,Nigeria,Africa,Africa
FM-4380,Fred McMath,Consumer,Ruda Slaska,Silesia,Poland,EMEA,EMEA
DM-2955,Dario Medina,Corporate,Bukavu,South Kivu,Democratic Republic of the Congo,Africa,Africa
JO-5550,Jesus Ocampo,Home Office,Brasov,Brasov,Romania,EMEA,EMEA
JP-6135,Julie Prescott,Home Office,Beirut,Beirut,Lebanon,EMEA,EMEA
BF-975,Barbara Fisher,Corporate,Ad Diwem,White Nile,Sudan,Africa,Africa
JD-6060,Julia Dunbar,Consumer,Lagos,Lagos,Nigeria,Africa,Africa
BW-1065,Barry Weirich,Consumer,Kananga,Kasai-Occidental,Democratic Republic of the Congo,Africa,Africa
TP-11415,Tom Prescott,Consumer,Warri,Delta,Nigeria,Africa,Africa
BM-1785,Bryan Mills,Consumer,Bishkek,Bishkek,Kyrgyzstan,EMEA,EMEA
JM-5535,Jessica Myrick,Consumer,Jerusalem,Jerusalem,Israel,EMEA,EMEA
CM-2655,Corinna Mitchell,Home Office,Plovdiv,Plovdiv,Bulgaria,EMEA,EMEA
PL-8925,Paul Lucas,Home Office,Taza,Taza-Al Hoceima-Taounate,Morocco,Africa,Africa
BT-1395,Bill Tyler,Corporate,Tetouan,Tanger-Tétouan,Morocco,Africa,Africa
DW-13540,Don Weiss,Consumer,New York City,New York,United States,US,East
RW-9690,Robert Waldorf,Consumer,Sanandaj,Kordestan,Iran,EMEA,EMEA
DA-3450,Dianna Arnett,Home Office,Amman,'Amman,Jordan,EMEA,EMEA
AZ-750,Annie Zypern,Consumer,Minna,Niger,Nigeria,Africa,Africa
DB-2970,Darren Budd,Corporate,Tbilisi,Tbilisi,Georgia,EMEA,EMEA
JW-6075,Julia West,Consumer,Lusaka,Lusaka,Zambia,Africa,Africa
GK-4620,Grace Kelly,Corporate,Khouribga,Chaouia-Ouardigha,Morocco,Africa,Africa
JH-6180,Justin Hirsh,Consumer,Baghdad,Baghdad,Iraq,EMEA,EMEA
RB-9330,Randy Bradley,Consumer,Donets'k,Donetsk,Ukraine,EMEA,EMEA
AM-360,Alice McCarthy,Corporate,Maiduguri,Borno,Nigeria,Africa,Africa
CJ-1875,Carl Jackson,Corporate,Sosnowiec,Silesia,Poland,EMEA,EMEA
DL-2925,Daniel Lacy,Consumer,Soma,Manisa,Turkey,EMEA,EMEA
AH-585,Angele Hood,Consumer,Vienna,Vienna,Austria,EMEA,EMEA
CG-2520,Claire Gute,Consumer,Sohag,Suhaj,Egypt,Africa,Africa
ED-3885,Emily Ducich,Home Office,Montréal,Quebec,Canada,Canada,Canada
VG-11805,Vivek Grady,Corporate,Jeddah,Makkah,Saudi Arabia,EMEA,EMEA
EH-4005,Erica Hernandez,Home Office,Beira,Sofala,Mozambique,Africa,Africa
RS-9765,Roland Schwarz,Corporate,Ufa,Bashkortostan,Russia,EMEA,EMEA
EB-3840,Ellis Ballard,Corporate,Bur Sudan,Red Sea,Sudan,Africa,Africa
BS-1590,Brendan Sweed,Corporate,Bangui,Bangui,Central African Republic,Africa,Africa
Co-2640,Corey-Lock,Consumer,Obninsk,Kaluga,Russia,EMEA,EMEA
CM-2160,Charles McCrossin,Consumer,Algiers,Alger,Algeria,Africa,Africa
LT-6765,Larry Tron,Consumer,Durban,Kwazulu-natal,South Africa,Africa,Africa
SC-10260,Scott Cohen,Corporate,Istanbul,Istanbul,Turkey,EMEA,EMEA
TB-11595,Troy Blackwell,Consumer,Chelyabinsk,Chelyabinsk,Russia,EMEA,EMEA
JB-5400,Jennifer Braxton,Corporate,Johannesburg,Gauteng,South Africa,Africa,Africa
MZ-7335,Maria Zettner,Home Office,Riyadh,Ar Riyad,Saudi Arabia,EMEA,EMEA
HK-4890,Heather Kirkland,Corporate,London,Ontario,Canada,Canada,Canada
SC-10380,Shahid Collister,Consumer,Homs,Hims,Syria,EMEA,EMEA
BS-1365,Bill Shonely,Corporate,Accra,Greater Accra,Ghana,Africa,Africa
IL-5100,Ivan Liston,Consumer,Al Hillah,Babil,Iraq,EMEA,EMEA
BG-1035,Barry Gonzalez,Consumer,Panevezys,Panevezys,Lithuania,EMEA,EMEA
AH-690,Anna Häberlin,Corporate,Beykoz,Istanbul,Turkey,EMEA,EMEA
AH-120,Adrian Hane,Home Office,Johannesburg,Gauteng,South Africa,Africa,Africa
HZ-4950,Henia Zydlo,Consumer,Benin City,Edo,Nigeria,Africa,Africa
LP-7080,Liz Pelletier,Consumer,Mykolayiv,Mykolayiv,Ukraine,EMEA,EMEA
SS-10590,Sonia Sunley,Consumer,Atakpame,Plateaux,Togo,Africa,Africa
ML-8040,Michelle Lonsdale,Corporate,Abidjan,Lagunes,Cote d'Ivoire,Africa,Africa
MF-8250,Monica Federle,Corporate,Ashgabat,Ashgabat,Turkmenistan,EMEA,EMEA
JK-5205,Jamie Kunitz,Consumer,Mosul,Ninawa,Iraq,EMEA,EMEA
TM-11010,Tamara Manning,Consumer,Cairo,Al Qahirah,Egypt,Africa,Africa
EM-4095,Eudokia Martin,Corporate,Antananarivo,Analamanga,Madagascar,Africa,Africa
RA-9915,Russell Applegate,Consumer,Khomeynishahr,Esfahan,Iran,EMEA,EMEA
CK-2595,Clytie Kelty,Consumer,Asyut,Asyut,Egypt,Africa,Africa
GM-4440,Gary McGarr,Consumer,Beni Suef,Bani Suwayf,Egypt,Africa,Africa
JP-5520,Jeremy Pistek,Consumer,Dar es Salaam,Dar Es Salaam,Tanzania,Africa,Africa
DB-3210,Dean Braden,Consumer,Ankara,Ankara,Turkey,EMEA,EMEA
PT-9090,Pete Takahito,Consumer,Tripoli,North Lebanon,Lebanon,EMEA,EMEA
JB-15925,Joni Blumstein,Consumer,Trier,Rhineland-Palatinate,Germany,EU,Central
AG-765,Anthony Garverick,Home Office,Sapele,Delta,Nigeria,Africa,Africa
EM-4140,Eugene Moren,Home Office,Casablanca,Grand Casablanca,Morocco,Africa,Africa
NG-8355,Nat Gilpin,Corporate,Bacau,Bacau,Romania,EMEA,EMEA
BB-1545,Brenda Bowman,Corporate,Sale,Rabat-Salé-Zemmour-Zaer,Morocco,Africa,Africa
LP-7095,Liz Preis,Consumer,St. Catharines,Ontario,Canada,Canada,Canada
CS-11845,Cari Sayre,Corporate,Pekanbaru,Riau,Indonesia,APAC,Southeast Asia
NL-8310,Nancy Lomonaco,Home Office,Asyut,Asyut,Egypt,Africa,Africa
HP-4815,Harold Pawlan,Home Office,Lublin,Lublin,Poland,EMEA,EMEA
CM-2385,Christopher Martinez,Consumer,Johannesburg,Gauteng,South Africa,Africa,Africa
DP-3105,Dave Poirier,Corporate,Bertoua,Est,Cameroon,Africa,Africa
HR-14770,Hallie Redmond,Home Office,Bordeaux,Aquitaine,France,EU,Central
BE-1335,Bill Eplett,Home Office,Zlatoust,Chelyabinsk,Russia,EMEA,EMEA
PC-9000,Pauline Chand,Home Office,Lagos,Lagos,Nigeria,Africa,Africa
KN-6705,Kristina Nunn,Home Office,Sivas,Sivas,Turkey,EMEA,EMEA
NF-18595,Nicole Fjeld,Home Office,Singapore,Singapore,Singapore,APAC,Southeast Asia
PK-8910,Paul Knutson,Home Office,Mersin,Mersin,Turkey,EMEA,EMEA
JF-5415,Jennifer Ferguson,Consumer,Urganch,Khorezm,Uzbekistan,EMEA,EMEA
KW-6570,Kelly Williams,Consumer,Brasov,Brasov,Romania,EMEA,EMEA
KE-6420,Katrina Edelman,Corporate,Tembisa,Gauteng,South Africa,Africa,Africa
JS-5685,Jim Sink,Corporate,Sanandaj,Kordestan,Iran,EMEA,EMEA
MC-8130,Mike Caudle,Corporate,Lagos,Lagos,Nigeria,Africa,Africa
MR-7545,Mathew Reese,Home Office,Kharkiv,Kharkiv,Ukraine,EMEA,EMEA
AH-75,Adam Hart,Corporate,Aligudarz,Lorestan,Iran,EMEA,EMEA
BF-11275,Beth Fritzler,Corporate,Lyon,Rhône-Alpes,France,EU,Central
PW-9240,Pierre Wener,Consumer,Qarshi,Qashqadaryo,Uzbekistan,EMEA,EMEA
KM-6375,Katherine Murray,Home Office,Winnipeg,Manitoba,Canada,Canada,Canada
JH-5910,Jonathan Howell,Consumer,Kutahya,Kutahya,Turkey,EMEA,EMEA
CM-2235,Chris McAfee,Consumer,Rasht,Gilan,Iran,EMEA,EMEA
SV-10365,Seth Vernon,Consumer,Istanbul,Istanbul,Turkey,EMEA,EMEA
JE-5475,Jeremy Ellison,Consumer,Khmel'nyts'kyy,Khmel'nyts'kyy,Ukraine,EMEA,EMEA
MO-7800,Meg O'Connel,Home Office,Arzgir,Stavropol',Russia,EMEA,EMEA
EB-4170,Evan Bailliet,Consumer,Kananga,Kasai-Occidental,Democratic Republic of the Congo,Africa,Africa
MG-7695,Maureen Gnade,Consumer,Gebze,Kocaeli,Turkey,EMEA,EMEA
AS-630,Ann Steele,Home Office,Abidjan,Lagunes,Cote d'Ivoire,Africa,Africa
AI-855,Arianne Irving,Consumer,Casablanca,Grand Casablanca,Morocco,Africa,Africa
LC-6870,Lena Cacioppo,Consumer,Chelyabinsk,Chelyabinsk,Russia,EMEA,EMEA
PW-9030,Pauline Webber,Corporate,Turkmenabat,Lebap,Turkmenistan,EMEA,EMEA
DK-3225,Dean Katz,Corporate,Mogadishu,Banaadir,Somalia,Africa,Africa
MD-7860,Michael Dominguez,Corporate,Poltava,Poltava,Ukraine,EMEA,EMEA
GT-4710,Greg Tran,Consumer,Sarajevo,Federation of Bosnia and Herzegovina,Bosnia and Herzegovina,EMEA,EMEA
SW-10275,Scott Williamson,Consumer,Iasi,Iasi,Romania,EMEA,EMEA
JH-5820,John Huston,Consumer,Ardabil,Ardabil,Iran,EMEA,EMEA
CC-2610,Corey Catlett,Corporate,Samsun,Samsun,Turkey,EMEA,EMEA
DB-3405,Denny Blanton,Consumer,Istanbul,Istanbul,Turkey,EMEA,EMEA
TS-11160,Theresa Swint,Corporate,Warsaw,Masovia,Poland,EMEA,EMEA
MP-8175,Mike Pelletier,Home Office,Bamako,Bamako,Mali,Africa,Africa
PO-9195,Phillina Ober,Home Office,Casablanca,Grand Casablanca,Morocco,Africa,Africa
KM-6720,Kunst Miller,Consumer,Afyon,Afyonkarahisar,Turkey,EMEA,EMEA
PG-8895,Paul Gonzalez,Consumer,Lubumbashi,Katanga,Democratic Republic of the Congo,Africa,Africa
SV-10815,Stuart Van,Corporate,Dire Dawa,Dire Dawa,Ethiopia,Africa,Africa
DS-3030,Darrin Sayre,Home Office,Maputo,Cidade De Maputo,Mozambique,Africa,Africa
FG-14260,Frank Gastineau,Home Office,Duisburg,North Rhine-Westphalia,Germany,EU,Central
KL-6555,Kelly Lampkin,Corporate,Irkutsk,Irkutsk,Russia,EMEA,EMEA
AF-870,Art Ferguson,Consumer,Hrodna,Hrodna,Belarus,EMEA,EMEA
IG-15085,Ivan Gibson,Consumer,Zacatecas,Zacatecas,Mexico,LATAM,North
SC-10725,Steven Cartwright,Consumer,Ufa,Bashkortostan,Russia,EMEA,EMEA
CA-2055,Cathy Armstrong,Home Office,Mosul,Ninawa,Iraq,EMEA,EMEA
VM-21835,Vivian Mathis,Consumer,Walsall,England,United Kingdom,EU,North
LD-6855,Lela Donovan,Corporate,Lagos,Lagos,Nigeria,Africa,Africa
JW-5220,Jane Waco,Corporate,Bursa,Bursa,Turkey,EMEA,EMEA
GH-4425,Gary Hwang,Consumer,Beni Suef,Bani Suwayf,Egypt,Africa,Africa
BS-1755,Bruce Stewart,Consumer,Casablanca,Grand Casablanca,Morocco,Africa,Africa
EB-3975,Erica Bern,Corporate,Tbilisi,Tbilisi,Georgia,EMEA,EMEA
SC-10845,Sung Chung,Consumer,Nouakchott,Nouakchott,Mauritania,Africa,Africa
KL-6645,Ken Lonsdale,Consumer,Etimesgut,Ankara,Turkey,EMEA,EMEA
NF-8385,Natalie Fritzler,Consumer,Montréal,Quebec,Canada,Canada,Canada
JD-6015,Joy Daniels,Consumer,Budapest,Budapest,Hungary,EMEA,EMEA
EH-3765,Edward Hooks,Corporate,Kano,Kano,Nigeria,Africa,Africa
EJ-4155,Eva Jacobs,Consumer,Al Mahallah al Kubra,Al Gharbiyah,Egypt,Africa,Africa
BS-11365,Bill Shonely,Corporate,São Vicente,São Paulo,Brazil,LATAM,South
SV-10785,Stewart Visinsky,Consumer,Antananarivo,Analamanga,Madagascar,Africa,Africa
GT-4635,Grant Thornton,Corporate,Buzau,Buzau,Romania,EMEA,EMEA
BE-1455,Brad Eason,Home Office,Zagreb,Grad Zagreb,Croatia,EMEA,EMEA
BP-1050,Barry Pond,Corporate,Istanbul,Istanbul,Turkey,EMEA,EMEA
JF-5190,Jamie Frazer,Consumer,Cape Coast,Central,Ghana,Africa,Africa
AG-495,Andrew Gjertsen,Corporate,Vienna,Vienna,Austria,EMEA,EMEA
MP-7470,Mark Packer,Home Office,Lagos,Lagos,Nigeria,Africa,Africa
KC-6540,Kelly Collister,Consumer,Lagos,Lagos,Nigeria,Africa,Africa
CA-1965,Carol Adams,Corporate,Sincan,Ankara,Turkey,EMEA,EMEA
JG-5310,Jason Gross,Corporate,Antalya,Antalya,Turkey,EMEA,EMEA
ZD-21925,Zuschuss Donatelli,Consumer,Jacksonville,Florida,United States,US,South
KC-6255,Karen Carlisle,Corporate,Shagamu,Ogun,Nigeria,Africa,Africa
AG-675,Anna Gayman,Consumer,Quelimane,Zambezia,Mozambique,Africa,Africa
FA-4230,Frank Atkinson,Corporate,Abuja,Abuja Capital Territory,Nigeria,Africa,Africa
NP-8700,Nora Preis,Consumer,Antananarivo,Analamanga,Madagascar,Africa,Africa
RB-19360,Raymond Buch,Consumer,San Francisco,California,United States,US,West
FM-4290,Frank Merwin,Home Office,Kano,Kano,Nigeria,Africa,Africa
SM-20320,Sean Miller,Home Office,Zapopan,Jalisco,Mexico,LATAM,North
CC-2370,Christopher Conant,Consumer,Warsaw,Masovia,Poland,EMEA,EMEA
Co-12640,Corey-Lock,Consumer,Sonsonate,Sonsonate,El Salvador,LATAM,Central
HW-4935,Helen Wasserman,Corporate,Hrodna,Hrodna,Belarus,EMEA,EMEA
PV-8985,Paul Van Hugh,Home Office,Casablanca,Grand Casablanca,Morocco,Africa,Africa
DB-3270,Deborah Brumfield,Home Office,Annaba,Annaba,Algeria,Africa,Africa
CL-2565,Clay Ludtke,Consumer,Bamako,Bamako,Mali,Africa,Africa
LR-7035,Lisa Ryan,Corporate,Antananarivo,Analamanga,Madagascar,Africa,Africa
ND-8370,Natalie DeCherney,Consumer,Timisoara,Timis,Romania,EMEA,EMEA
RB-9360,Raymond Buch,Consumer,Nairobi,Nairobi,Kenya,Africa,Africa
TT-11220,Thomas Thornton,Consumer,Sliven,Sliven,Bulgaria,EMEA,EMEA
TH-21115,Thea Hudgings,Corporate,Mexicali,Baja California,Mexico,LATAM,North
MT-7815,Meg Tillman,Consumer,Tabora,Tabora,Tanzania,Africa,Africa
CS-2130,Chad Sievert,Consumer,Istanbul,Istanbul,Turkey,EMEA,EMEA
EM-3960,Eric Murdock,Consumer,Al Mahallah al Kubra,Al Gharbiyah,Egypt,Africa,Africa
SC-10095,Sanjit Chand,Consumer,Cairo,Al Qahirah,Egypt,Africa,Africa
CS-2505,Cindy Stewart,Consumer,Mombasa,Coast,Kenya,Africa,Africa
DV-3465,Dianna Vittorini,Consumer,Cherkasy,Cherkasy,Ukraine,EMEA,EMEA
AP-720,Anne Pryor,Home Office,Casablanca,Grand Casablanca,Morocco,Africa,Africa
AG-270,Alejandro Grove,Consumer,Abbotsford,British Columbia,Canada,Canada,Canada
JE-5745,Joel Eaton,Consumer,Jizzakh,Jizzakh,Uzbekistan,EMEA,EMEA
CC-2100,Chad Cunningham,Home Office,Ufa,Bashkortostan,Russia,EMEA,EMEA
TG-11640,Trudy Glocke,Consumer,Khartoum,Khartoum,Sudan,Africa,Africa
DO-3435,Denny Ordway,Consumer,Cherkasy,Cherkasy,Ukraine,EMEA,EMEA
JK-6090,Juliana Krohn,Consumer,Khartoum,Khartoum,Sudan,Africa,Africa
MZ-7515,Mary Zewe,Corporate,Shiraz,Fars,Iran,EMEA,EMEA
CR-2820,Cyra Reiten,Home Office,Karliova,Bingol,Turkey,EMEA,EMEA
CB-2415,Christy Brittain,Consumer,Basra,Al Basrah,Iraq,EMEA,EMEA
SG-20890,Susan Gilcrest,Corporate,Rawalpindi,Punjab,Pakistan,APAC,Central Asia
MW-8220,Mitch Webber,Consumer,Wad Madani,Gezira,Sudan,Africa,Africa
NF-8595,Nicole Fjeld,Home Office,Lagos,Lagos,Nigeria,Africa,Africa
JK-5640,Jim Kriz,Home Office,Arbil,Arbil,Iraq,EMEA,EMEA
PS-18970,Paul Stevenson,Home Office,Delmenhorst,Lower Saxony,Germany,EU,Central
JF-5295,Jason Fortune-,Consumer,Winnipeg,Manitoba,Canada,Canada,Canada
MH-7455,Mark Hamilton,Consumer,Al Fayyum,Al Fayyum,Egypt,Africa,Africa
HL-5040,Hunter Lopez,Consumer,Istanbul,Istanbul,Turkey,EMEA,EMEA
LB-6735,Larry Blacks,Consumer,Beira,Sofala,Mozambique,Africa,Africa
JO-15550,Jesus Ocampo,Home Office,General Escobedo,Nuevo León,Mexico,LATAM,North
AG-525,Andy Gerbode,Corporate,East London,Eastern Cape,South Africa,Africa,Africa
MW-8235,Mitch Willingham,Corporate,Lagos,Lagos,Nigeria,Africa,Africa
BS-1665,Brian Stugart,Consumer,Cairo,Al Qahirah,Egypt,Africa,Africa
CS-2175,Charles Sheldon,Corporate,Yazd,Yazd,Iran,EMEA,EMEA
DK-12985,Darren Koutras,Consumer,Delhi,Delhi,India,APAC,Central Asia
GZ-4470,Gary Zandusky,Consumer,Antalya,Antalya,Turkey,EMEA,EMEA
HE-4800,Harold Engle,Corporate,Angarsk,Irkutsk,Russia,EMEA,EMEA
HG-4845,Harry Greene,Consumer,Luanda,Luanda,Angola,Africa,Africa
ST-20530,Shui Tom,Consumer,Madrid,Madrid,Spain,EU,South
TT-11265,Tim Taslimi,Corporate,Cairo,Al Qahirah,Egypt,Africa,Africa
KN-6450,Kean Nguyen,Corporate,Ibadan,Oyo,Nigeria,Africa,Africa
SC-10680,Steve Carroll,Home Office,Niamey,Niamey,Niger,Africa,Africa
MS-7365,Maribeth Schnelling,Consumer,Nkongsamba,Littoral,Cameroon,Africa,Africa
SP-10545,Sibella Parks,Corporate,Mombasa,Coast,Kenya,Africa,Africa
PG-18895,Paul Gonzalez,Consumer,Mannheim,Baden-Württemberg,Germany,EU,Central
VS-11820,Vivek Sundaresam,Consumer,Johannesburg,Gauteng,South Africa,Africa,Africa
CA-2310,Christine Abelman,Corporate,Baku,Baki,Azerbaijan,EMEA,EMEA
PB-9150,Philip Brown,Consumer,Baghdad,Baghdad,Iraq,EMEA,EMEA
CC-2145,Charles Crestani,Consumer,Mersin,Mersin,Turkey,EMEA,EMEA
DB-3060,Dave Brooks,Consumer,Pretoria,Gauteng,South Africa,Africa,Africa
PO-9180,Philisse Overcash,Home Office,Yazd,Yazd,Iran,EMEA,EMEA
GP-4740,Guy Phonely,Corporate,Turgutlu,Manisa,Turkey,EMEA,EMEA
SW-10755,Steven Ward,Corporate,Abidjan,Lagunes,Cote d'Ivoire,Africa,Africa
KH-6360,Katherine Hughes,Consumer,Kalemie,Katanga,Democratic Republic of the Congo,Africa,Africa
RD-9900,Ruben Dartt,Consumer,Marsa Matruh,Matruh,Egypt,Africa,Africa
JD-16015,Joy Daniels,Consumer,Viersen,North Rhine-Westphalia,Germany,EU,Central
CS-2250,Chris Selesnick,Corporate,Czestochowa,Silesia,Poland,EMEA,EMEA
MT-8070,Michelle Tran,Home Office,Makurdi,Benue,Nigeria,Africa,Africa
AS-240,Alan Shonely,Consumer,Plovdiv,Plovdiv,Bulgaria,EMEA,EMEA
MM-7260,Magdelene Morse,Consumer,Astrakhan',Astrakhan',Russia,EMEA,EMEA
VS-21820,Vivek Sundaresam,Consumer,Maceió,Alagoas,Brazil,LATAM,South
MO-7500,Mary O'Rourke,Consumer,Vienna,Vienna,Austria,EMEA,EMEA
JR-6210,Justin Ritter,Corporate,Dartmouth,Nova Scotia,Canada,Canada,Canada
JM-5580,Jill Matthias,Consumer,Nairobi,Nairobi,Kenya,Africa,Africa
EB-3870,Emily Burns,Consumer,Istanbul,Istanbul,Turkey,EMEA,EMEA
PS-8760,Pamela Stobb,Consumer,Jeddah,Makkah,Saudi Arabia,EMEA,EMEA
BH-1710,Brosina Hoffman,Consumer,Basra,Al Basrah,Iraq,EMEA,EMEA
CS-2490,Cindy Schnelling,Corporate,Irkutsk,Irkutsk,Russia,EMEA,EMEA
GM-4680,Greg Matthias,Consumer,Bishkek,Bishkek,Kyrgyzstan,EMEA,EMEA
SW-10245,Scot Wooten,Consumer,Roodepoort,Gauteng,South Africa,Africa,Africa
MG-7650,Matthew Grinstein,Home Office,Roodepoort,Gauteng,South Africa,Africa,Africa
JF-5355,Jay Fein,Consumer,Istanbul,Istanbul,Turkey,EMEA,EMEA
SB-20185,Sarah Brown,Consumer,Nottingham,England,United Kingdom,EU,North
DW-3480,Dianna Wilson,Home Office,Guelph,Ontario,Canada,Canada,Canada
PK-9075,Pete Kriz,Consumer,Kinshasa,Kinshasa,Democratic Republic of the Congo,Africa,Africa
TS-21205,Thomas Seio,Corporate,Guilin,Guangxi,China,APAC,North Asia
RD-9585,Rob Dowd,Consumer,Constantine,Constantine,Algeria,Africa,Africa
BO-1350,Bill Overfelt,Corporate,Antalya,Antalya,Turkey,EMEA,EMEA
GH-4665,Greg Hansen,Consumer,Kampala,Kampala,Uganda,Africa,Africa
JB-16000,Joy Bell-,Consumer,Mexicali,Baja California,Mexico,LATAM,North
CY-2745,Craig Yedwab,Corporate,Ouidah,Atlantique,Benin,Africa,Africa
JF-15355,Jay Fein,Consumer,Sceaux,Ile-de-France,France,EU,Central
FC-4245,Frank Carlisle,Home Office,Antananarivo,Analamanga,Madagascar,Africa,Africa
RR-9525,Rick Reed,Corporate,Yalova,Yalova,Turkey,EMEA,EMEA
MY-8295,Muhammed Yedwab,Corporate,Al Mahallah al Kubra,Al Gharbiyah,Egypt,Africa,Africa
SS-20515,Shirley Schmidt,Home Office,Franklin,Wisconsin,United States,US,Central
NH-8610,Nicole Hansen,Corporate,Kirsehir,Kirsehir,Turkey,EMEA,EMEA
BS-11665,Brian Stugart,Consumer,Bonn,North Rhine-Westphalia,Germany,EU,Central
CK-2760,Cyma Kinney,Corporate,Thies Nones,Thies,Senegal,Africa,Africa
TP-21415,Tom Prescott,Consumer,Dallas,Texas,United States,US,Central
LL-6840,Lauren Leatherbury,Consumer,Sale,Rabat-Salé-Zemmour-Zaer,Morocco,Africa,Africa
HZ-14950,Henia Zydlo,Consumer,Tlalnepantla,México,Mexico,LATAM,North
MO-17800,Meg O'Connel,Home Office,New York City,New York,United States,US,East
AR-825,Anthony Rawles,Corporate,Alexandria,Al Iskandariyah,Egypt,Africa,Africa
SB-10170,Sarah Bern,Consumer,Ankara,Ankara,Turkey,EMEA,EMEA
LW-6825,Laurel Workman,Corporate,Zahedan,Sistan Va Baluchestan,Iran,EMEA,EMEA
CC-2220,Chris Cortes,Consumer,Toronto,Ontario,Canada,Canada,Canada
CV-12805,Cynthia Voltz,Corporate,San Francisco,California,United States,US,West
EH-3945,Eric Hoffmann,Consumer,Luhans'k,Luhans'k,Ukraine,EMEA,EMEA
LD-7005,Lisa DeCherney,Consumer,Bursa,Bursa,Turkey,EMEA,EMEA
GT-4755,Guy Thornton,Consumer,Budapest,Budapest,Hungary,EMEA,EMEA
EM-14200,Evan Minnotte,Home Office,Chittagong,Chittagong,Bangladesh,APAC,Central Asia
RB-9435,Richard Bierner,Consumer,Namangan,Namangan,Uzbekistan,EMEA,EMEA
MC-7425,Mark Cousins,Corporate,Alexandria,Al Iskandariyah,Egypt,Africa,Africa
DE-3255,Deanra Eno,Home Office,Ankara,Ankara,Turkey,EMEA,EMEA
NP-18325,Naresj Patel,Consumer,Santiago de Cuba,Santiago de Cuba,Cuba,LATAM,Caribbean
GA-4725,Guy Armstrong,Consumer,Horlivka,Donetsk,Ukraine,EMEA,EMEA
LC-17050,Liz Carlisle,Consumer,Lima,Lima (city),Peru,LATAM,South
SR-10425,Sharelle Roach,Home Office,Zaria,Kaduna,Nigeria,Africa,Africa
KH-6630,Ken Heidel,Corporate,Alanya,Antalya,Turkey,EMEA,EMEA
RP-9390,Resi Pölking,Consumer,Dakar,Dakar,Senegal,Africa,Africa
DO-13435,Denny Ordway,Consumer,Manila,National Capital,Philippines,APAC,Southeast Asia
RS-19420,Ricardo Sperren,Corporate,Jiutepec,Morelos,Mexico,LATAM,North
PF-9225,Phillip Flathmann,Consumer,Istanbul,Istanbul,Turkey,EMEA,EMEA
JK-5730,Joe Kamberova,Consumer,Lusaka,Lusaka,Zambia,Africa,Africa
NP-8670,Nora Paige,Consumer,Kharkiv,Kharkiv,Ukraine,EMEA,EMEA
JR-15670,Jim Radford,Consumer,Strasbourg,Alsace,France,EU,Central
MH-7620,Matt Hagelstein,Corporate,Opole,Opole,Poland,EMEA,EMEA
HR-4770,Hallie Redmond,Home Office,Istanbul,Istanbul,Turkey,EMEA,EMEA
EM-3825,Elizabeth Moffitt,Corporate,Baghdad,Baghdad,Iraq,EMEA,EMEA
JK-16090,Juliana Krohn,Consumer,Santo Domingo,Santo Domingo,Dominican Republic,LATAM,Caribbean
MA-7995,Michelle Arnett,Home Office,Mombasa,Coast,Kenya,Africa,Africa
EM-13825,Elizabeth Moffitt,Corporate,Houston,Texas,United States,US,Central
BE-11455,Brad Eason,Home Office,Olathe,Kansas,United States,US,Central
BM-1650,Brian Moss,Corporate,Radom,Masovia,Poland,EMEA,EMEA
RD-19930,Russell D'Ascenzo,Consumer,Kathmandu,Central,Nepal,APAC,Central Asia
BG-1695,Brooke Gillingham,Corporate,Zagreb,Grad Zagreb,Croatia,EMEA,EMEA
MS-7530,MaryBeth Skach,Consumer,Riyadh,Ar Riyad,Saudi Arabia,EMEA,EMEA
GM-14500,Gene McClure,Consumer,Tlaquepaque,Jalisco,Mexico,LATAM,North
GA-14725,Guy Armstrong,Consumer,Nanchang,Jiangxi,China,APAC,North Asia
KF-16285,Karen Ferguson,Home Office,Lanester,Brittany,France,EU,Central
AH-195,Alan Haines,Corporate,Kayseri,Kayseri,Turkey,EMEA,EMEA
BP-1185,Ben Peterman,Corporate,Manisa,Manisa,Turkey,EMEA,EMEA
CA-2775,Cynthia Arntzen,Consumer,Pretoria,Gauteng,South Africa,Africa,Africa
KH-6690,Kristen Hastings,Corporate,Kharkiv,Kharkiv,Ukraine,EMEA,EMEA
CD-12280,Christina DeMoss,Consumer,Santo Domingo,Santo Domingo,Dominican Republic,LATAM,Caribbean
CD-1980,Carol Darley,Consumer,Khorramshahr,Khuzestan,Iran,EMEA,EMEA
SW-10350,Sean Wendt,Home Office,Kisumu,Nyanza,Kenya,Africa,Africa
ME-17320,Maria Etezadi,Home Office,Melbourne,Victoria,Australia,APAC,Oceania
SR-20425,Sharelle Roach,Home Office,Hamilton,Waikato,New Zealand,APAC,Oceania
KT-16480,Kean Thornton,Consumer,Houston,Texas,United States,US,Central
KT-6465,Kean Takahito,Consumer,Kryvyy Rih,Dnipropetrovs'k,Ukraine,EMEA,EMEA
JK-5370,Jay Kimmel,Consumer,Sofia,Sofiya-Grad,Bulgaria,EMEA,EMEA
JB-5925,Joni Blumstein,Consumer,Ardahan,Ardahan,Turkey,EMEA,EMEA
RB-9645,Robert Barroso,Corporate,Barika,Batna,Algeria,Africa,Africa
KB-16315,Karl Braun,Consumer,London,England,United Kingdom,EU,North
ND-8460,Neil Ducich,Corporate,Bielsko-Biala,Silesia,Poland,EMEA,EMEA
JC-5385,Jenna Caffey,Consumer,Abidjan,Lagunes,Cote d'Ivoire,Africa,Africa
SE-20110,Sanjit Engle,Consumer,Orizaba,Veracruz,Mexico,LATAM,North
DB-13120,David Bremer,Corporate,Bergen op Zoom,North Brabant,Netherlands,EU,Central
FG-4260,Frank Gastineau,Home Office,Ufa,Bashkortostan,Russia,EMEA,EMEA
DB-2910,Daniel Byrd,Home Office,Ndola,Copperbelt,Zambia,Africa,Africa
GW-4605,Giulietta Weimer,Consumer,Zaria,Kaduna,Nigeria,Africa,Africa
HG-5025,Hunter Glantz,Consumer,Derbent,Dagestan,Russia,EMEA,EMEA
BN-1470,Brad Norvell,Corporate,Katowice,Silesia,Poland,EMEA,EMEA
YC-21895,Yoseph Carroll,Corporate,Xinghua,Jiangsu,China,APAC,North Asia
BD-1620,Brian DeCherney,Consumer,Jeddah,Makkah,Saudi Arabia,EMEA,EMEA
NS-8640,Noel Staavos,Corporate,Larache,Tanger-Tétouan,Morocco,Africa,Africa
OT-8730,Olvera Toch,Consumer,Bandundu,Bandundu,Democratic Republic of the Congo,Africa,Africa
GH-14665,Greg Hansen,Consumer,Brisbane,Queensland,Australia,APAC,Oceania
LC-6885,Lena Creighton,Consumer,Abidjan,Lagunes,Cote d'Ivoire,Africa,Africa
CC-2430,Chuck Clark,Home Office,Quchan,Razavi Khorasan,Iran,EMEA,EMEA
KC-16675,Kimberly Carter,Corporate,Harlow,England,United Kingdom,EU,North
KS-6300,Karen Seio,Corporate,Stanger,Kwazulu-natal,South Africa,Africa,Africa
CS-12130,Chad Sievert,Consumer,Reims,Champagne-Ardenne,France,EU,Central
JO-5145,Jack O'Briant,Corporate,Borazjan,Bushehr,Iran,EMEA,EMEA
LC-16870,Lena Cacioppo,Consumer,Seoul,Seoul,South Korea,APAC,North Asia
MV-7485,Mark Van Huff,Consumer,Ndola,Copperbelt,Zambia,Africa,Africa
RH-19555,Ritsa Hightower,Consumer,Lens,Nord-Pas-de-Calais,France,EU,Central
BT-11680,Brian Thompson,Consumer,Depok,Yogyakarta,Indonesia,APAC,Southeast Asia
Dp-3240,Dean percer,Home Office,Cairo,Al Qahirah,Egypt,Africa,Africa
HD-4785,Harold Dahlen,Home Office,Mbuji-mayi,Kasai-Oriental,Democratic Republic of the Congo,Africa,Africa
NC-8340,Nat Carroll,Consumer,Eskisehir,Eskisehir,Turkey,EMEA,EMEA
PO-18850,Patrick O'Brill,Consumer,Jacksonville,Florida,United States,US,South
AH-30,Aaron Hawkins,Corporate,Kano,Kano,Nigeria,Africa,Africa
AA-315,Alex Avila,Consumer,Bursa,Bursa,Turkey,EMEA,EMEA
FM-4215,Filia McAdams,Corporate,Casablanca,Grand Casablanca,Morocco,Africa,Africa
CH-2070,Cathy Hwang,Home Office,Kashan,Esfahan,Iran,EMEA,EMEA
HA-4905,Helen Abelman,Consumer,Centurion,Gauteng,South Africa,Africa,Africa
TZ-11580,Tracy Zic,Consumer,Rabat,Rabat-Salé-Zemmour-Zaer,Morocco,Africa,Africa
SW-20245,Scot Wooten,Consumer,Stockton,California,United States,US,West
KB-16240,Karen Bern,Corporate,Newcastle,New South Wales,Australia,APAC,Oceania
DK-2835,Damala Kotsonis,Corporate,Basra,Al Basrah,Iraq,EMEA,EMEA
RE-19450,Richard Eichhorn,Consumer,Camagüey,Camagüey,Cuba,LATAM,Caribbean
JD-6150,Justin Deggeller,Corporate,Cape Town,Western Cape,South Africa,Africa,Africa
VF-21715,Vicky Freymann,Home Office,Antiguo Cuscatlán,La Libertad,El Salvador,LATAM,Central
FM-14215,Filia McAdams,Corporate,Greensboro,North Carolina,United States,US,South
Dl-3600,Dorris liebe,Corporate,Jizan,Jizan,Saudi Arabia,EMEA,EMEA
TB-21625,Trudy Brown,Consumer,Querétaro,Querétaro,Mexico,LATAM,North
KD-6615,Ken Dana,Corporate,Beni Mellal,Tadla-Azilal,Morocco,Africa,Africa
PM-8940,Paul MacIntyre,Consumer,Bulawayo,Bulawayo,Zimbabwe,Africa,Africa
SZ-20035,Sam Zeldin,Home Office,New York City,New York,United States,US,East
RH-9600,Rob Haberlin,Consumer,Slupsk,Pomerania,Poland,EMEA,EMEA
LW-16990,Lindsay Williams,Corporate,Milan,Lombardy,Italy,EU,South
HM-4980,Henry MacAllister,Consumer,Abadan,Khuzestan,Iran,EMEA,EMEA
CC-2475,Cindy Chapman,Consumer,Izmir,Izmir,Turkey,EMEA,EMEA
AC-10660,Anna Chung,Consumer,Lawrence,Indiana,United States,US,Central
JR-5670,Jim Radford,Consumer,Bandirma,Balikesir,Turkey,EMEA,EMEA
VM-11685,Valerie Mitchum,Home Office,Luhans'k,Luhans'k,Ukraine,EMEA,EMEA
AJ-795,Anthony Johnson,Corporate,Khartoum,Khartoum,Sudan,Africa,Africa
LO-17170,Lori Olson,Corporate,Kabul,Kabul,Afghanistan,APAC,Central Asia
CP-2340,Christine Phan,Corporate,Pretoria,Gauteng,South Africa,Africa,Africa
JS-15940,Joni Sundaresam,Home Office,Lancaster,Ohio,United States,US,East
AP-915,Arthur Prichep,Consumer,Dar es Salaam,Dar Es Salaam,Tanzania,Africa,Africa
RR-9315,Ralph Ritter,Consumer,Prague,Prague,Czech Republic,EMEA,EMEA
HP-14815,Harold Pawlan,Home Office,Buenos Aires,Buenos Aires,Argentina,LATAM,South
AR-10405,Allen Rosenblatt,Corporate,Odense,South Denmark,Denmark,EU,North
JM-5655,Jim Mitchum,Corporate,Chorzow,Silesia,Poland,EMEA,EMEA
MG-7680,Maureen Gastineau,Home Office,Izmir,Izmir,Turkey,EMEA,EMEA
BN-1515,Bradley Nguyen,Consumer,Centurion,Gauteng,South Africa,Africa,Africa
AC-10420,Alyssa Crouse,Corporate,Widnes,England,United Kingdom,EU,North
AM-10360,Alice McCarthy,Corporate,London,England,United Kingdom,EU,North
RL-19615,Rob Lucas,Consumer,Aksu,Xinjiang Uygur,China,APAC,North Asia
AS-10045,Aaron Smayling,Corporate,San Francisco,California,United States,US,West
PS-9045,Penelope Sewall,Home Office,Cairo,Al Qahirah,Egypt,Africa,Africa
SS-10140,Saphhira Shifley,Corporate,Malayer,Hamadan,Iran,EMEA,EMEA
AC-615,Ann Chong,Corporate,Vienna,Vienna,Austria,EMEA,EMEA
NC-8625,Noah Childs,Corporate,Nzerekore,Nzérékoré,Guinea,Africa,Africa
VT-11700,Valerie Takahito,Home Office,Kaduna,Kaduna,Nigeria,Africa,Africa
DL-12865,Dan Lawera,Consumer,Long Beach,California,United States,US,West
DP-13165,David Philippe,Consumer,Holguín,Holguín,Cuba,LATAM,Caribbean
TR-21325,Toby Ritter,Consumer,Albany,Western Australia,Australia,APAC,Oceania
DL-3495,Dionis Lloyd,Corporate,Lagos,Lagos,Nigeria,Africa,Africa
JK-5325,Jason Klamczynski,Corporate,Alexandria,Al Iskandariyah,Egypt,Africa,Africa
BT-1530,Bradley Talbott,Home Office,Ibadan,Oyo,Nigeria,Africa,Africa
RH-19600,Rob Haberlin,Consumer,Apopa,San Salvador,El Salvador,LATAM,Central
TD-10995,Tamara Dahlen,Consumer,Warri,Delta,Nigeria,Africa,Africa
DW-13585,Dorothy Wardle,Corporate,San Francisco,California,United States,US,West
DL-12925,Daniel Lacy,Consumer,Vitória,Espírito Santo,Brazil,LATAM,South
SL-10155,Sara Luxemburg,Home Office,Kartal,Istanbul,Turkey,EMEA,EMEA
PJ-9015,Pauline Johnson,Consumer,Amasya,Amasya,Turkey,EMEA,EMEA
ON-8715,Odella Nelson,Corporate,Batman,Batman,Turkey,EMEA,EMEA
SU-20665,Stephanie Ulpright,Home Office,Santa Cruz de la Sierra,Santa Cruz,Bolivia,LATAM,South
NH-18610,Nicole Hansen,Corporate,Roissy-en-Brie,Ile-de-France,France,EU,Central
MM-18280,Muhammed MacIntyre,Corporate,Quincy,Illinois,United States,US,Central
AZ-10750,Annie Zypern,Consumer,Perth,Western Australia,Australia,APAC,Oceania
GH-4410,Gary Hansen,Home Office,Volksrust,Mpumalanga,South Africa,Africa,Africa
AH-210,Alan Hwang,Consumer,Doha,Ad Dawhah,Qatar,EMEA,EMEA
AA-480,Andrew Allen,Consumer,Luts'k,Volyn,Ukraine,EMEA,EMEA
CM-12115,Chad McGuire,Consumer,Adelaide,South Australia,Australia,APAC,Oceania
RK-19300,Ralph Kennedy,Consumer,Delhi,Delhi,India,APAC,Central Asia
JK-15640,Jim Kriz,Home Office,Townsville,Queensland,Australia,APAC,Oceania
SM-10950,Suzanne McNair,Corporate,Rasht,Gilan,Iran,EMEA,EMEA
BF-11005,Barry Franz,Home Office,Anshan,Liaoning,China,APAC,North Asia
RM-19375,Raymond Messe,Consumer,Chimaltenango,Chimaltenango,Guatemala,LATAM,Central
KH-6510,Keith Herrera,Consumer,Niamey,Niamey,Niger,Africa,Africa
MH-17620,Matt Hagelstein,Corporate,León,León,Nicaragua,LATAM,Central
AT-735,Annie Thurman,Consumer,Vinnytsya,Vinnytsya,Ukraine,EMEA,EMEA
HG-15025,Hunter Glantz,Consumer,Amarillo,Texas,United States,US,Central
CR-2730,Craig Reiter,Consumer,Bishkek,Bishkek,Kyrgyzstan,EMEA,EMEA
CC-12220,Chris Cortes,Consumer,La Porte,Indiana,United States,US,Central
LP-17095,Liz Preis,Consumer,Phoenix,Arizona,United States,US,West
DJ-3630,Doug Jacobs,Consumer,Nakuru,Rift Valley,Kenya,Africa,Africa
HL-15040,Hunter Lopez,Consumer,Houston,Texas,United States,US,Central
CM-11815,Candace McMahon,Corporate,Choloma,Cortés,Honduras,LATAM,Central
BD-1770,Bryan Davis,Consumer,Cairo,Al Qahirah,Egypt,Africa,Africa
AS-10090,Adam Shillingsburg,Consumer,Panama City,Panama,Panama,LATAM,Central
BT-1305,Beth Thompson,Home Office,Abidjan,Lagunes,Cote d'Ivoire,Africa,Africa
NB-18580,Nicole Brennan,Corporate,Resistencia,Chaco,Argentina,LATAM,South
GM-14695,Greg Maxwell,Corporate,Dresden,Saxony,Germany,EU,Central
JC-15775,John Castell,Consumer,San Salvador,San Salvador,El Salvador,LATAM,Central
JG-5115,Jack Garza,Consumer,Nevsehir,Nevsehir,Turkey,EMEA,EMEA
FW-4395,Fred Wasserman,Corporate,Vilnius,Vilnius,Lithuania,EMEA,EMEA
NF-18475,Neil Französisch,Home Office,Surat,Gujarat,India,APAC,Central Asia
DM-13015,Darrin Martin,Consumer,Suzhou,Jiangsu,China,APAC,North Asia
MP-7965,Michael Paige,Corporate,Marrakech,Marrakech-Tensift-El Haouz,Morocco,Africa,Africa
JJ-5760,Joel Jenkins,Home Office,Bamako,Bamako,Mali,Africa,Africa
PS-18760,Pamela Stobb,Consumer,Orizaba,Veracruz,Mexico,LATAM,North
CL-12700,Craig Leslie,Home Office,Harbin,Heilongjiang,China,APAC,North Asia
CC-2685,Craig Carroll,Consumer,Sale,Rabat-Salé-Zemmour-Zaer,Morocco,Africa,Africa
GH-14425,Gary Hwang,Consumer,San Francisco de Macorís,Duarte,Dominican Republic,LATAM,Caribbean
DK-2895,Dana Kaydos,Consumer,Djibouti,Djibouti,Djibouti,Africa,Africa
JC-16105,Julie Creighton,Corporate,Cienfuegos,Cienfuegos,Cuba,LATAM,Caribbean
CR-2580,Clay Rozendal,Home Office,Cherkasy,Cherkasy,Ukraine,EMEA,EMEA
RB-9705,Roger Barcio,Home Office,Pavlodar,Pavlodar,Kazakhstan,EMEA,EMEA
RC-9960,Ryan Crowe,Consumer,Cairo,Al Qahirah,Egypt,Africa,Africa
EN-13780,Edward Nazzal,Consumer,Bacoor,Calabarzon,Philippines,APAC,Southeast Asia
RB-9570,Rob Beeghly,Consumer,Astana,Astana,Kazakhstan,EMEA,EMEA
CC-12610,Corey Catlett,Corporate,Denver,Colorado,United States,US,West
AS-135,Adrian Shami,Home Office,Ashdod,Southern,Israel,EMEA,EMEA
PN-8775,Parhena Norris,Home Office,Abha,'Asir,Saudi Arabia,EMEA,EMEA
RB-19705,Roger Barcio,Home Office,Soyapango,San Salvador,El Salvador,LATAM,Central
LH-16750,Larry Hughes,Consumer,Antwerp,Antwerp,Belgium,EU,Central
DA-13450,Dianna Arnett,Home Office,San Rafael,Mendoza,Argentina,LATAM,South
SP-10920,Susan Pistek,Consumer,Karbala',Karbala',Iraq,EMEA,EMEA
JW-15220,Jane Waco,Corporate,Alfortville,Ile-de-France,France,EU,Central
DH-3675,Duane Huffman,Home Office,Antananarivo,Analamanga,Madagascar,Africa,Africa
AM-10705,Anne McFarland,Consumer,Dunedin,Otago,New Zealand,APAC,Oceania
BD-11500,Bradley Drucker,Consumer,Tatuí,São Paulo,Brazil,LATAM,South
CA-12265,Christina Anderson,Consumer,Manila,National Capital,Philippines,APAC,Southeast Asia
PB-19105,Peter Bühler,Consumer,Shenzhen,Guangdong,China,APAC,North Asia
TB-11250,Tim Brockman,Consumer,Kinshasa,Kinshasa,Democratic Republic of the Congo,Africa,Africa
HG-14845,Harry Greene,Consumer,San Francisco de Macorís,Duarte,Dominican Republic,LATAM,Caribbean
MG-18145,Mike Gockenbach,Consumer,El Progreso,Yoro,Honduras,LATAM,Central
BM-1575,Brendan Murry,Corporate,Nouakchott,Nouakchott,Mauritania,Africa,Africa
TS-21085,Thais Sissman,Consumer,Villa Nueva,Guatemala,Guatemala,LATAM,Central
MB-8085,Mick Brown,Consumer,Kerman,Kerman,Iran,EMEA,EMEA
TS-21160,Theresa Swint,Corporate,General Escobedo,Nuevo León,Mexico,LATAM,North
NG-8430,Nathan Gelder,Consumer,Burnaby,British Columbia,Canada,Canada,Canada
FC-14245,Frank Carlisle,Home Office,Columbia,Missouri,United States,US,Central
VG-21790,Vivek Gonzalez,Consumer,Delhi,Delhi,India,APAC,Central Asia
AA-645,Anna Andreadi,Consumer,Port Elizabeth,Eastern Cape,South Africa,Africa,Africa
NR-18550,Nick Radford,Consumer,Perth Amboy,New Jersey,United States,US,East
MG-17890,Michael Granlund,Home Office,Fresno,California,United States,US,West
EA-14035,Erin Ashbrook,Corporate,Tijuana,Baja California,Mexico,LATAM,North
DP-3165,David Philippe,Consumer,Dakar,Dakar,Senegal,Africa,Africa
SG-10605,Speros Goranitis,Consumer,Mubi,Adamawa,Nigeria,Africa,Africa
BD-11725,Bruce Degenhardt,Consumer,Quetzaltenango,Quezaltenango,Guatemala,LATAM,Central
LF-17185,Luke Foster,Consumer,Newark,Ohio,United States,US,East
SV-20935,Susan Vittorini,Consumer,Columbus,Ohio,United States,US,East
BM-11650,Brian Moss,Corporate,Santiago de Cuba,Santiago de Cuba,Cuba,LATAM,Caribbean
EM-14065,Erin Mull,Consumer,Singapore,Singapore,Singapore,APAC,Southeast Asia
MK-17905,Michael Kennedy,Corporate,Manchester,Connecticut,United States,US,East
EL-3735,Ed Ludwig,Home Office,Shiraz,Fars,Iran,EMEA,EMEA
SW-20455,Shaun Weien,Consumer,Maisons-Laffitte,Ile-de-France,France,EU,Central
PM-19135,Peter McVee,Home Office,Detroit,Michigan,United States,US,Central
DB-3360,Dennis Bolton,Home Office,Yaounde,Centre,Cameroon,Africa,Africa
MV-17485,Mark Van Huff,Consumer,Barakaldo,Basque Country,Spain,EU,South
MS-17530,MaryBeth Skach,Consumer,Seattle,Washington,United States,US,West
CR-12820,Cyra Reiten,Home Office,Vienna,Vienna,Austria,EU,Central
AR-10345,Alex Russell,Corporate,Acerra,Campania,Italy,EU,South
DN-3690,Duane Noonan,Consumer,Richmond Hill,Ontario,Canada,Canada,Canada
LE-16810,Laurel Elliston,Consumer,Murcia,Murcia,Spain,EU,South
AO-810,Anthony O'Donnell,Corporate,Riyadh,Ar Riyad,Saudi Arabia,EMEA,EMEA
SC-20260,Scott Cohen,Corporate,Zapopan,Jalisco,Mexico,LATAM,North
IG-5085,Ivan Gibson,Consumer,Luanda,Luanda,Angola,Africa,Africa
RF-19735,Roland Fjeld,Consumer,Portmore,Saint Catherine,Jamaica,LATAM,Caribbean
JK-6120,Julie Kriz,Home Office,Warsaw,Masovia,Poland,EMEA,EMEA
EH-14125,Eugene Hildebrand,Home Office,San Pedro Sula,Cortés,Honduras,LATAM,Central
JA-15970,Joseph Airdo,Consumer,Tegucigalpa,Francisco Morazán,Honduras,LATAM,Central
SM-20950,Suzanne McNair,Corporate,Greenville,North Carolina,United States,US,South
JS-5940,Joni Sundaresam,Home Office,Mashhad,Razavi Khorasan,Iran,EMEA,EMEA
DM-3345,Denise Monton,Corporate,Kinshasa,Kinshasa,Democratic Republic of the Congo,Africa,Africa
CL-1890,Carl Ludwig,Consumer,Van,Van,Turkey,EMEA,EMEA
TB-21280,Toby Braunhardt,Consumer,La Ceiba,Atlántida,Honduras,LATAM,Central
AA-10480,Andrew Allen,Consumer,Adelaide,South Australia,Australia,APAC,Oceania
NB-8580,Nicole Brennan,Corporate,Pretoria,Gauteng,South Africa,Africa,Africa
DL-13330,Denise Leinenbach,Consumer,Augsburg,Bavaria,Germany,EU,Central
BS-1380,Bill Stewart,Corporate,Riyadh,Ar Riyad,Saudi Arabia,EMEA,EMEA
RM-19750,Roland Murray,Consumer,Estelí,Estelí,Nicaragua,LATAM,Central
PB-18805,Patrick Bzostek,Home Office,Managua,Managua,Nicaragua,LATAM,Central
DB-12910,Daniel Byrd,Home Office,Santo Domingo,Santo Domingo,Dominican Republic,LATAM,Caribbean
TB-21190,Thomas Brumley,Home Office,Lucknow,Uttar Pradesh,India,APAC,Central Asia
JS-15880,John Stevenson,Consumer,Albany,Western Australia,Australia,APAC,Oceania
KB-6600,Ken Brennan,Corporate,Poltava,Poltava,Ukraine,EMEA,EMEA
NC-18415,Nathan Cano,Consumer,Yushu,Jilin,China,APAC,North Asia
GM-14680,Greg Matthias,Consumer,Zapopan,Jalisco,Mexico,LATAM,North
RW-9540,Rick Wilson,Corporate,Cape Town,Western Cape,South Africa,Africa,Africa
SC-10305,Sean Christensen,Consumer,Luanda,Luanda,Angola,Africa,Africa
AW-10840,Anthony Witt,Consumer,Fresnillo de González Echeverría,Zacatecas,Mexico,LATAM,North
GR-14560,Georgia Rosenberg,Corporate,Pinar del Río,Pinar del Río,Cuba,LATAM,Caribbean
TD-20995,Tamara Dahlen,Consumer,Bilbao,Basque Country,Spain,EU,South
AR-570,Anemone Ratner,Consumer,Klaipeda,Klaipeda,Lithuania,EMEA,EMEA
JF-15295,Jason Fortune-,Consumer,Sterling Heights,Michigan,United States,US,Central
MV-8190,Mike Vittorini,Consumer,Lagos,Lagos,Nigeria,Africa,Africa
DJ-13510,Don Jones,Corporate,Mexico City,Distrito Federal,Mexico,LATAM,North
CS-11950,Carlos Soltero,Consumer,Xianning,Hubei,China,APAC,North Asia
LS-17245,Lynn Smith,Consumer,Manaus,Amazonas,Brazil,LATAM,South
CM-11935,Carlos Meador,Consumer,Quimper,Brittany,France,EU,Central
CS-12250,Chris Selesnick,Corporate,Jakarta,Jakarta,Indonesia,APAC,Southeast Asia
SF-20965,Sylvia Foulston,Corporate,San Francisco,California,United States,US,West
YC-11895,Yoseph Carroll,Corporate,Benin City,Edo,Nigeria,Africa,Africa
AB-10600,Ann Blume,Corporate,Moers,North Rhine-Westphalia,Germany,EU,Central
MS-17980,Michael Stewart,Corporate,Cholet,Pays de la Loire,France,EU,Central
RD-9930,Russell D'Ascenzo,Consumer,Mashhad,Razavi Khorasan,Iran,EMEA,EMEA
ES-4020,Erica Smith,Consumer,London,Ontario,Canada,Canada,Canada
CS-2355,Christine Sundaresam,Consumer,Donets'k,Donetsk,Ukraine,EMEA,EMEA
JL-5175,James Lanier,Home Office,Voronezh,Voronezh,Russia,EMEA,EMEA
KH-16330,Katharine Harms,Corporate,Bangkok,Bangkok,Thailand,APAC,Southeast Asia
SF-20200,Sarah Foster,Consumer,Marysville,Washington,United States,US,West
GH-14410,Gary Hansen,Home Office,Marseille,Provence-Alpes-Côte d'Azur,France,EU,Central
PB-19210,Phillip Breyer,Corporate,Panama City,Panama,Panama,LATAM,Central
TB-21400,Tom Boeckenhauer,Consumer,Ponte Nova,Minas Gerais,Brazil,LATAM,South
NW-18400,Natalie Webber,Consumer,Portland,Oregon,United States,US,West
EP-3915,Emily Phan,Consumer,Bata,Litoral,Equatorial Guinea,Africa,Africa
NG-18355,Nat Gilpin,Corporate,Santiago de Cuba,Santiago de Cuba,Cuba,LATAM,Caribbean
RH-9495,Rick Hansen,Consumer,Dakar,Dakar,Senegal,Africa,Africa
SC-20020,Sam Craven,Consumer,Phnom Penh,Phnom Penh,Cambodia,APAC,Southeast Asia
PT-19090,Pete Takahito,Consumer,Angers,Pays de la Loire,France,EU,Central
BT-1680,Brian Thompson,Consumer,Kirovohrad,Kirovohrad,Ukraine,EMEA,EMEA
TP-21565,Tracy Poddar,Corporate,Eugene,Oregon,United States,US,West
SD-20485,Shirley Daniels,Home Office,Hobart,Tasmania,Australia,APAC,Oceania
CS-12460,Chuck Sachs,Consumer,Petapa,Guatemala,Guatemala,LATAM,Central
RA-19915,Russell Applegate,Consumer,Coffs Harbour,New South Wales,Australia,APAC,Oceania
ES-4080,Erin Smith,Corporate,Annaba,Annaba,Algeria,Africa,Africa
BD-1725,Bruce Degenhardt,Consumer,Ilorin,Kwara,Nigeria,Africa,Africa
NK-8490,Neil Knudson,Home Office,Bissau,Bissau,Guinea-Bissau,Africa,Africa
EM-4065,Erin Mull,Consumer,Cairo,Al Qahirah,Egypt,Africa,Africa
RM-19675,Robert Marley,Home Office,Maidenhead,England,United Kingdom,EU,North
JA-5970,Joseph Airdo,Consumer,Mersin,Mersin,Turkey,EMEA,EMEA
AH-10210,Alan Hwang,Consumer,Halle,North Rhine-Westphalia,Germany,EU,Central
MF-17665,Maureen Fritzler,Corporate,Kawasaki,Fukuoka,Japan,APAC,North Asia
JK-5625,Jim Karlsson,Consumer,Kinshasa,Kinshasa,Democratic Republic of the Congo,Africa,Africa
EJ-3720,Ed Jacobs,Consumer,Kisangani,Orientale,Democratic Republic of the Congo,Africa,Africa
ME-7320,Maria Etezadi,Home Office,Pretoria,Gauteng,South Africa,Africa,Africa
AG-10525,Andy Gerbode,Corporate,Santo Domingo,Santo Domingo,Dominican Republic,LATAM,Caribbean
JO-15145,Jack O'Briant,Corporate,Evreux,Upper Normandy,France,EU,Central
BD-11560,Brendan Dodson,Home Office,Vienna,Vienna,Austria,EU,Central
LW-17125,Liz Willingham,Consumer,Virginia Beach,Virginia,United States,US,South
CS-12400,Christopher Schild,Home Office,San Jose,California,United States,US,West
JF-5565,Jill Fjeld,Consumer,Hurghada,Al Bahr Al Ahmar,Egypt,Africa,Africa
CM-12715,Craig Molinari,Corporate,Fortaleza,Ceará,Brazil,LATAM,South
DL-2865,Dan Lawera,Consumer,Shiraz,Fars,Iran,EMEA,EMEA
EB-4110,Eugene Barchas,Consumer,Jos,Plateau,Nigeria,Africa,Africa
BP-1155,Becky Pak,Consumer,Rabat,Rabat-Salé-Zemmour-Zaer,Morocco,Africa,Africa
DK-3375,Dennis Kane,Consumer,Warsaw,Masovia,Poland,EMEA,EMEA
DJ-3510,Don Jones,Corporate,Basra,Al Basrah,Iraq,EMEA,EMEA
SG-10470,Sheri Gordon,Consumer,Abidjan,Lagunes,Cote d'Ivoire,Africa,Africa
MJ-17740,Max Jones,Consumer,Seattle,Washington,United States,US,West
MA-17995,Michelle Arnett,Home Office,Cheyenne,Wyoming,United States,US,West
TS-11430,Tom Stivers,Corporate,Zinder,Zinder,Niger,Africa,Africa
PH-8790,Patricia Hirasaki,Home Office,Bertoua,Est,Cameroon,Africa,Africa
GB-4575,Giulietta Baptist,Consumer,Alexandria,Al Iskandariyah,Egypt,Africa,Africa
LW-17215,Luke Weiss,Consumer,Rochester,New York,United States,US,East
KB-6240,Karen Bern,Corporate,Mazyr,Homyel',Belarus,EMEA,EMEA
KM-16720,Kunst Miller,Consumer,Wenling,Zhejiang,China,APAC,North Asia
TC-11145,Theresa Coyne,Corporate,Baghdad,Baghdad,Iraq,EMEA,EMEA
PM-9135,Peter McVee,Home Office,Arusha,Arusha,Tanzania,Africa,Africa
CG-12520,Claire Gute,Consumer,Henderson,Kentucky,United States,US,South
VP-11760,Victoria Pisteka,Corporate,Kaluga,Kaluga,Russia,EMEA,EMEA
JB-6000,Joy Bell-,Consumer,Uman',Cherkasy,Ukraine,EMEA,EMEA
KM-16375,Katherine Murray,Home Office,Tegucigalpa,Francisco Morazán,Honduras,LATAM,Central
CP-2085,Cathy Prescott,Corporate,Saanich,British Columbia,Canada,Canada,Canada
LA-6780,Laura Armstrong,Corporate,Targu Jiu,Gorj,Romania,EMEA,EMEA
LC-16960,Lindsay Castell,Home Office,Heerlen,Limburg,Netherlands,EU,Central
CD-2280,Christina DeMoss,Consumer,Prague,Prague,Czech Republic,EMEA,EMEA
RO-19780,Rose O'Brian,Consumer,San Francisco,California,United States,US,West
PC-8745,Pamela Coakley,Corporate,Sofia,Sofiya-Grad,Bulgaria,EMEA,EMEA
AR-10540,Andy Reiter,Consumer,Santo Domingo,Santo Domingo,Dominican Republic,LATAM,Caribbean
DF-13135,David Flashing,Consumer,Tulancingo,Hidalgo,Mexico,LATAM,North
LT-16765,Larry Tron,Consumer,Bikaner,Rajasthan,India,APAC,Central Asia
JR-5700,Jocasta Rupert,Consumer,Pavlodar,Pavlodar,Kazakhstan,EMEA,EMEA
TH-11100,Thea Hendricks,Consumer,Sofia,Sofiya-Grad,Bulgaria,EMEA,EMEA
KM-16225,Kalyca Meade,Corporate,Springfield,Missouri,United States,US,Central
DD-13570,Dorothy Dickinson,Consumer,Essen,North Rhine-Westphalia,Germany,EU,Central
JM-15580,Jill Matthias,Consumer,Manila,National Capital,Philippines,APAC,Southeast Asia
BN-11515,Bradley Nguyen,Consumer,Hanoi,Th? Dô Hà N?i,Vietnam,APAC,Southeast Asia
AB-10015,Aaron Bergman,Consumer,Oklahoma City,Oklahoma,United States,US,Central
SV-20365,Seth Vernon,Consumer,Troy,Ohio,United States,US,East
PF-19120,Peter Fuller,Consumer,Strasbourg,Alsace,France,EU,Central
BD-11770,Bryan Davis,Consumer,New York City,New York,United States,US,East
SC-20845,Sung Chung,Consumer,Arlington Heights,Illinois,United States,US,Central
TC-10980,Tamara Chand,Corporate,Ljubljana,Ljubljana,Slovenia,EMEA,EMEA
AT-10735,Annie Thurman,Consumer,Mougins,Provence-Alpes-Côte d'Azur,France,EU,Central
MH-18025,Michelle Huthwaite,Consumer,Mexico City,Distrito Federal,Mexico,LATAM,North
CB-2025,Cassandra Brandow,Consumer,Iasi,Iasi,Romania,EMEA,EMEA
RF-9345,Randy Ferguson,Corporate,Kano,Kano,Nigeria,Africa,Africa
AS-10285,Alejandro Savely,Corporate,Noblesville,Indiana,United States,US,Central
GZ-14545,George Zrebassa,Corporate,Hamburg,Hamburg,Germany,EU,Central
KW-16570,Kelly Williams,Consumer,Antiguo Cuscatlán,La Libertad,El Salvador,LATAM,Central
NC-18625,Noah Childs,Corporate,Managua,Managua,Nicaragua,LATAM,Central
BK-11260,Berenike Kampe,Consumer,San Francisco,California,United States,US,West
MM-7920,Michael Moore,Consumer,Luanda,Luanda,Angola,Africa,Africa
PB-8805,Patrick Bzostek,Home Office,Jeddah,Makkah,Saudi Arabia,EMEA,EMEA
DW-13480,Dianna Wilson,Home Office,San Diego,California,United States,US,West
JM-5265,Janet Molinari,Corporate,Cairo,Al Qahirah,Egypt,Africa,Africa
TS-21340,Toby Swindell,Consumer,Ribeirão Preto,São Paulo,Brazil,LATAM,South
EM-13810,Eleni McCrary,Corporate,Solingen,North Rhine-Westphalia,Germany,EU,Central
SC-10695,Steve Chapman,Corporate,Port Elizabeth,Eastern Cape,South Africa,Africa,Africa
AW-840,Anthony Witt,Consumer,Izmir,Izmir,Turkey,EMEA,EMEA
JG-5160,James Galang,Consumer,Port Harcourt,Rivers,Nigeria,Africa,Africa
SC-10440,Shaun Chance,Corporate,Alexandria,Al Iskandariyah,Egypt,Africa,Africa
MS-17710,Maurice Satty,Consumer,Mesa,Arizona,United States,US,West
BD-1320,Bill Donatelli,Consumer,Lublin,Lublin,Poland,EMEA,EMEA
MB-18085,Mick Brown,Consumer,Maracaibo,Zulia,Venezuela,LATAM,South
SN-20560,Skye Norling,Home Office,Puerto Padre,Las Tunas,Cuba,LATAM,Caribbean
TS-11655,Trudy Schmidt,Consumer,Diyarbakir,Diyarbakir,Turkey,EMEA,EMEA
LC-6960,Lindsay Castell,Home Office,Benguela,Benguela,Angola,Africa,Africa
EB-13750,Edward Becker,Corporate,Linz,Upper Austria,Austria,EU,Central
TS-21430,Tom Stivers,Corporate,Oklahoma City,Oklahoma,United States,US,Central
AB-15,Aaron Bergman,Consumer,Yaounde,Centre,Cameroon,Africa,Africa
CK-12760,Cyma Kinney,Corporate,New York City,New York,United States,US,East
MM-8280,Muhammed MacIntyre,Corporate,Makhachkala,Dagestan,Russia,EMEA,EMEA
AJ-10960,Astrea Jones,Consumer,Strasbourg,Alsace,France,EU,Central
LS-7230,Lycoris Saunders,Consumer,Bursa,Bursa,Turkey,EMEA,EMEA
ML-17755,Max Ludwig,Home Office,Gold Coast,Queensland,Australia,APAC,Oceania
RC-19960,Ryan Crowe,Consumer,Baltimore,Maryland,United States,US,East
PJ-19015,Pauline Johnson,Consumer,Bradford,England,United Kingdom,EU,North
MF-7665,Maureen Fritzler,Corporate,Pretoria,Gauteng,South Africa,Africa,Africa
EB-14110,Eugene Barchas,Consumer,Philadelphia,Pennsylvania,United States,US,East
SM-10005,Sally Matthias,Consumer,Kaspiysk,Dagestan,Russia,EMEA,EMEA
KL-16555,Kelly Lampkin,Corporate,Córdoba,Veracruz,Mexico,LATAM,North
AJ-960,Astrea Jones,Consumer,Garoua,Nord,Cameroon,Africa,Africa
LC-7050,Liz Carlisle,Consumer,Casablanca,Grand Casablanca,Morocco,Africa,Africa
TG-21310,Toby Gnade,Consumer,Los Angeles,California,United States,US,West
TZ-21445,Tom Zandusky,Corporate,Mauguio,Languedoc-Roussillon,France,EU,Central
SC-20770,Stewart Carmichael,Corporate,Los Angeles,California,United States,US,West
ME-18010,Michelle Ellison,Corporate,Dreux,Centre,France,EU,Central
DV-13045,Darrin Van Huff,Corporate,Florence,Tuscany,Italy,EU,South
ON-18715,Odella Nelson,Corporate,Burlington,North Carolina,United States,US,South
ML-17410,Maris LaWare,Consumer,Milpa Alta,Distrito Federal,Mexico,LATAM,North
IM-15055,Ionia McGrath,Consumer,Roseville,California,United States,US,West
Dp-13240,Dean percer,Home Office,San Cristóbal de Las Casas,Chiapas,Mexico,LATAM,North
RO-9780,Rose O'Brian,Consumer,Marrakech,Marrakech-Tensift-El Haouz,Morocco,Africa,Africa
PF-9120,Peter Fuller,Consumer,Springs,Gauteng,South Africa,Africa,Africa
TC-11475,Tony Chapman,Home Office,Jeddah,Makkah,Saudi Arabia,EMEA,EMEA
NR-8550,Nick Radford,Consumer,Adiyaman,Adiyaman,Turkey,EMEA,EMEA
CK-2205,Chloris Kastensmidt,Consumer,Ivano-Frankivs'k,Ivano-Frankivsk,Ukraine,EMEA,EMEA
LS-6945,Linda Southworth,Corporate,Irkutsk,Irkutsk,Russia,EMEA,EMEA
DV-13465,Dianna Vittorini,Consumer,Benevento,Campania,Italy,EU,South
ML-7755,Max Ludwig,Home Office,Settat,Chaouia-Ouardigha,Morocco,Africa,Africa
LW-6990,Lindsay Williams,Corporate,Nairobi,Nairobi,Kenya,Africa,Africa
CC-12145,Charles Crestani,Consumer,Fort-de-France,Martinique,Martinique,LATAM,Caribbean
EC-4050,Erin Creighton,Consumer,Abidjan,Lagunes,Cote d'Ivoire,Africa,Africa
CA-2265,Christina Anderson,Consumer,Baghdad,Baghdad,Iraq,EMEA,EMEA
RA-19885,Ruben Ausman,Corporate,Aurangabad,Bihar,India,APAC,Central Asia
ME-7725,Max Engle,Consumer,Shiraz,Fars,Iran,EMEA,EMEA
CA-12310,Christine Abelman,Corporate,Newcastle upon Tyne,England,United Kingdom,EU,North
JL-15130,Jack Lebron,Consumer,Valencia,Carabobo,Venezuela,LATAM,South
CP-12085,Cathy Prescott,Corporate,San Salvador,San Salvador,El Salvador,LATAM,Central
CV-12295,Christina VanderZanden,Consumer,Plymouth,England,United Kingdom,EU,North
DE-13255,Deanra Eno,Home Office,Santo Domingo,Santo Domingo,Dominican Republic,LATAM,Caribbean
SC-10020,Sam Craven,Consumer,Basra,Al Basrah,Iraq,EMEA,EMEA
TC-21535,Tracy Collins,Home Office,Los Angeles,California,United States,US,West
RD-19900,Ruben Dartt,Consumer,Mexico City,Distrito Federal,Mexico,LATAM,North
EB-13930,Eric Barreto,Consumer,Rugby,England,United Kingdom,EU,North
SB-20290,Sean Braxton,Corporate,Kent,Ohio,United States,US,East
PB-9210,Phillip Breyer,Corporate,Sofia,Sofiya-Grad,Bulgaria,EMEA,EMEA
SN-20710,Steve Nguyen,Home Office,Pasadena,Texas,United States,US,Central
JL-15175,James Lanier,Home Office,Shenyang,Liaoning,China,APAC,North Asia
DK-3150,David Kendrick,Corporate,Baghdad,Baghdad,Iraq,EMEA,EMEA
AJ-10945,Ashley Jarboe,Consumer,Taylor,Michigan,United States,US,Central
JK-15625,Jim Karlsson,Consumer,Santiago,Santiago,Chile,LATAM,South
AW-10930,Arthur Wiediger,Home Office,Oklahoma City,Oklahoma,United States,US,Central
VW-11775,Victoria Wilson,Corporate,Aswan,Aswan,Egypt,Africa,Africa
TT-11460,Tonja Turnell,Home Office,Izmir,Izmir,Turkey,EMEA,EMEA
AH-10030,Aaron Hawkins,Corporate,West Bromwich,England,United Kingdom,EU,North
JG-15805,John Grady,Corporate,Carpi,Emilia-Romagna,Italy,EU,South
RS-19765,Roland Schwarz,Corporate,Saint-Brieuc,Brittany,France,EU,Central
BB-10990,Barry Blumstein,Corporate,Seremban,Negeri Sembilan,Malaysia,APAC,Southeast Asia
LT-17110,Liz Thompson,Consumer,Jacksonville,North Carolina,United States,US,South
SD-10485,Shirley Daniels,Home Office,Holon,Tel Aviv,Israel,EMEA,EMEA
KS-16300,Karen Seio,Corporate,Bielefeld,North Rhine-Westphalia,Germany,EU,Central
TT-21265,Tim Taslimi,Corporate,Indianapolis,Indiana,United States,US,Central
NP-18685,Nora Pelletier,Home Office,Niagara Falls,New York,United States,US,East
CC-12550,Clay Cheatham,Consumer,Armidale,New South Wales,Australia,APAC,Oceania
DJ-13630,Doug Jacobs,Consumer,New York City,New York,United States,US,East
JS-15595,Jill Stevenson,Corporate,Bangkok,Bangkok,Thailand,APAC,Southeast Asia
BW-11065,Barry Weirich,Consumer,Murray Bridge,South Australia,Australia,APAC,Oceania
JM-5865,John Murray,Consumer,Rustenburg,North-West,South Africa,Africa,Africa
CM-1815,Candace McMahon,Corporate,Kinshasa,Kinshasa,Democratic Republic of the Congo,Africa,Africa
SA-10830,Sue Ann Reed,Consumer,Lagos,Lagos,Nigeria,Africa,Africa
NP-18670,Nora Paige,Consumer,Edmond,Oklahoma,United States,US,Central
PO-8850,Patrick O'Brill,Consumer,Calabar,Cross River,Nigeria,Africa,Africa
SF-10065,Sandra Flanagan,Consumer,Kharkiv,Kharkiv,Ukraine,EMEA,EMEA
BF-1215,Benjamin Farhat,Home Office,Abidjan,Lagunes,Cote d'Ivoire,Africa,Africa
BF-10975,Barbara Fisher,Corporate,Columbus,Indiana,United States,US,Central
TS-11340,Toby Swindell,Consumer,Brampton,Ontario,Canada,Canada,Canada
GZ-4545,George Zrebassa,Corporate,Lagos,Lagos,Nigeria,Africa,Africa
MO-17500,Mary O'Rourke,Consumer,Matsudo,Chiba,Japan,APAC,North Asia
BT-11305,Beth Thompson,Home Office,Talcahuano,Biobio,Chile,LATAM,South
EH-13990,Erica Hackney,Consumer,Houston,Texas,United States,US,Central
AG-10270,Alejandro Grove,Consumer,San Juan,San Juan,Argentina,LATAM,South
TH-21235,Tiffany House,Corporate,Los Angeles,California,United States,US,West
CK-12205,Chloris Kastensmidt,Consumer,Columbus,Ohio,United States,US,East
GW-14605,Giulietta Weimer,Consumer,Madrid,Madrid,Spain,EU,South
SC-20440,Shaun Chance,Corporate,Manukau City,Auckland,New Zealand,APAC,Oceania
MW-18235,Mitch Willingham,Corporate,Le Blanc-Mesnil,Ile-de-France,France,EU,Central
AW-930,Arthur Wiediger,Home Office,Arbil,Arbil,Iraq,EMEA,EMEA
PA-9060,Pete Armstrong,Home Office,Rabat,Rabat-Salé-Zemmour-Zaer,Morocco,Africa,Africa
ME-17725,Max Engle,Consumer,Suzhou,Anhui,China,APAC,North Asia
PG-18820,Patrick Gardner,Consumer,Vitória da Conquista,Bahia,Brazil,LATAM,South
KD-16615,Ken Dana,Corporate,Marseille,Provence-Alpes-Côte d'Azur,France,EU,Central
DM-13345,Denise Monton,Corporate,Des Moines,Iowa,United States,US,Central
CS-1845,Cari Sayre,Corporate,Makhachkala,Dagestan,Russia,EMEA,EMEA
SV-20785,Stewart Visinsky,Consumer,Ho Chi Minh City,Ho Chí Minh City,Vietnam,APAC,Southeast Asia
JR-16210,Justin Ritter,Corporate,San Salvador,San Salvador,El Salvador,LATAM,Central
RB-19465,Rick Bensley,Home Office,Melbourne,Victoria,Australia,APAC,Oceania
TS-11085,Thais Sissman,Consumer,Qom,Qom,Iran,EMEA,EMEA
PW-19240,Pierre Wener,Consumer,Melbourne,Victoria,Australia,APAC,Oceania
MG-7875,Michael Grace,Home Office,Arusha,Arusha,Tanzania,Africa,Africa
MH-17785,Maya Herman,Corporate,Annonay,Rhône-Alpes,France,EU,Central
AB-255,Alejandro Ballentine,Home Office,Casablanca,Grand Casablanca,Morocco,Africa,Africa
TB-21355,Todd Boyes,Corporate,New York City,New York,United States,US,East
RD-19585,Rob Dowd,Consumer,Detroit,Michigan,United States,US,Central
ER-13855,Elpida Rittenbach,Corporate,San Salvador,San Salvador,El Salvador,LATAM,Central
DR-12880,Dan Reichenbach,Corporate,Paris,Ile-de-France,France,EU,Central
LS-17200,Luke Schmidt,Corporate,Philadelphia,Pennsylvania,United States,US,East
EB-14170,Evan Bailliet,Consumer,Lianzhou,Guangdong,China,APAC,North Asia
AC-10450,Amy Cox,Consumer,Seattle,Washington,United States,US,West
BP-11095,Bart Pistole,Corporate,Santo Domingo,Santo Domingo,Dominican Republic,LATAM,Caribbean
GT-14755,Guy Thornton,Consumer,Floriano,Piauí,Brazil,LATAM,South
ST-10530,Shui Tom,Consumer,Kerman,Kerman,Iran,EMEA,EMEA
DB-13660,Duane Benoit,Consumer,Stockholm,Stockholm,Sweden,EU,North
SH-20635,Stefanie Holloman,Corporate,Sonsonate,Sonsonate,El Salvador,LATAM,Central
BO-11350,Bill Overfelt,Corporate,Gold Coast,Queensland,Australia,APAC,Oceania
CR-12580,Clay Rozendal,Home Office,Bellevue,Washington,United States,US,West
AT-10435,Alyssa Tate,Home Office,Los Angeles,California,United States,US,West
TB-21175,Thomas Boland,Corporate,Marseille,Provence-Alpes-Côte d'Azur,France,EU,Central
GP-14740,Guy Phonely,Corporate,Toulouse,Midi-Pyrénées,France,EU,Central
TH-21100,Thea Hendricks,Consumer,Limeira,São Paulo,Brazil,LATAM,South
SV-20815,Stuart Van,Corporate,Vadodara,Gujarat,India,APAC,Central Asia
MG-17680,Maureen Gastineau,Home Office,San Miguelito,Panama,Panama,LATAM,Central
SC-20050,Sample Company A,Home Office,Hialeah,Florida,United States,US,South
NS-18505,Neola Schneider,Consumer,Dallas,Texas,United States,US,Central
JK-15370,Jay Kimmel,Consumer,Huntsville,Alabama,United States,US,South
SW-20275,Scott Williamson,Consumer,Toowoomba,Queensland,Australia,APAC,Oceania
JJ-15760,Joel Jenkins,Home Office,Celaya,Guanajuato,Mexico,LATAM,North
JO-15280,Jas O'Carroll,Consumer,Northampton,England,United Kingdom,EU,North
EH-4125,Eugene Hildebrand,Home Office,Cairo,Al Qahirah,Egypt,Africa,Africa
JJ-15445,Jennifer Jackson,Consumer,Tijuana,Baja California,Mexico,LATAM,North
SG-10890,Susan Gilcrest,Corporate,Benin City,Edo,Nigeria,Africa,Africa
HJ-14875,Heather Jas,Home Office,Jacksonville,Florida,United States,US,South
RP-9855,Roy Phan,Corporate,Bagcilar,Istanbul,Turkey,EMEA,EMEA
MD-17860,Michael Dominguez,Corporate,Managua,Managua,Nicaragua,LATAM,Central
PH-18790,Patricia Hirasaki,Home Office,Caloundra,Queensland,Australia,APAC,Oceania
AG-10675,Anna Gayman,Consumer,Lins,São Paulo,Brazil,LATAM,South
FC-14335,Fred Chung,Corporate,Buenos Aires,Buenos Aires,Argentina,LATAM,South
AC-450,Amy Cox,Consumer,Newcastle,Kwazulu-natal,South Africa,Africa,Africa
PL-18925,Paul Lucas,Home Office,Weifang,Shandong,China,APAC,North Asia
SO-10335,Sean O'Donnell,Consumer,Baghdad,Baghdad,Iraq,EMEA,EMEA
LS-17230,Lycoris Saunders,Consumer,Wuxi,Hunan,China,APAC,North Asia
CS-12505,Cindy Stewart,Consumer,Lancaster,Ohio,United States,US,East
MO-17950,Michael Oakman,Consumer,Sydney,New South Wales,Australia,APAC,Oceania
JH-16180,Justin Hirsh,Consumer,Jakarta,Jakarta,Indonesia,APAC,Southeast Asia
GA-14515,George Ashbrook,Consumer,El Paso,Texas,United States,US,Central
PA-19060,Pete Armstrong,Home Office,Miami,Florida,United States,US,South
CT-11995,Carol Triggs,Consumer,Philadelphia,Pennsylvania,United States,US,East
RH-19510,Rick Huthwaite,Home Office,La Plata,Provincia de Buenos Aires,Argentina,LATAM,South
PJ-18835,Patrick Jones,Corporate,Zapopan,Jalisco,Mexico,LATAM,North
DK-13225,Dean Katz,Corporate,New York City,New York,United States,US,East
EH-13945,Eric Hoffmann,Consumer,Philadelphia,Pennsylvania,United States,US,East
CD-12790,Cynthia Delaney,Home Office,Shelton,Connecticut,United States,US,East
AS-10240,Alan Shonely,Consumer,Melbourne,Victoria,Australia,APAC,Oceania
MC-17425,Mark Cousins,Corporate,Mobile,Alabama,United States,US,South
RW-9630,Rob Williams,Corporate,Hamilton,Ontario,Canada,Canada,Canada
CS-12490,Cindy Schnelling,Corporate,Santo Domingo,Santo Domingo,Dominican Republic,LATAM,Caribbean
BF-1170,Ben Ferrer,Home Office,Bryansk,Bryansk,Russia,EMEA,EMEA
MC-7575,Matt Collins,Consumer,Saqqez,Kordestan,Iran,EMEA,EMEA
AH-10585,Angele Hood,Consumer,São Paulo,São Paulo,Brazil,LATAM,South
BD-1500,Bradley Drucker,Consumer,Larache,Tanger-Tétouan,Morocco,Africa,Africa
PC-18745,Pamela Coakley,Corporate,Westfield,New Jersey,United States,US,East
LP-17080,Liz Pelletier,Consumer,Camagüey,Camagüey,Cuba,LATAM,Caribbean
KH-16360,Katherine Hughes,Consumer,Mixco,Guatemala,Guatemala,LATAM,Central
PO-18865,Patrick O'Donnell,Consumer,Osny,Ile-de-France,France,EU,Central
EB-3705,Ed Braxton,Corporate,Cairo,Al Qahirah,Egypt,Africa,Africa
CB-12025,Cassandra Brandow,Consumer,East Orange,New Jersey,United States,US,East
AR-10570,Anemone Ratner,Consumer,Dhaka,Dhaka,Bangladesh,APAC,Central Asia
KD-6495,Keith Dawkins,Corporate,Djougou,Donga,Benin,Africa,Africa
DS-13030,Darrin Sayre,Home Office,Duisburg,North Rhine-Westphalia,Germany,EU,Central
BD-1635,Brian Derr,Consumer,Najafabad,Esfahan,Iran,EMEA,EMEA
FH-14350,Fred Harton,Consumer,Guangzhou,Guangdong,China,APAC,North Asia
TB-11625,Trudy Brown,Consumer,Bagcilar,Istanbul,Turkey,EMEA,EMEA
HF-14995,Herbert Flentye,Consumer,Fort Lauderdale,Florida,United States,US,South
AB-150,Aimee Bixby,Consumer,Shiraz,Fars,Iran,EMEA,EMEA
GT-14635,Grant Thornton,Corporate,Nowra,New South Wales,Australia,APAC,Oceania
SP-10860,Sung Pak,Corporate,Mohammedia,Grand Casablanca,Morocco,Africa,Africa
BT-11395,Bill Tyler,Corporate,Wiesbaden,Hesse,Germany,EU,Central
AS-285,Alejandro Savely,Corporate,Basra,Al Basrah,Iraq,EMEA,EMEA
OT-18730,Olvera Toch,Consumer,Santo Domingo,Santo Domingo,Dominican Republic,LATAM,Caribbean
JD-15790,John Dryer,Consumer,Valenzuela,National Capital,Philippines,APAC,Southeast Asia
SP-10650,Stephanie Phelps,Corporate,Livingstone,Southern,Zambia,Africa,Africa
ZD-11925,Zuschuss Donatelli,Consumer,Riyadh,Ar Riyad,Saudi Arabia,EMEA,EMEA
AR-540,Andy Reiter,Consumer,Shiraz,Fars,Iran,EMEA,EMEA
AJ-10780,Anthony Jacobs,Corporate,Palm Coast,Florida,United States,US,South
ML-18040,Michelle Lonsdale,Corporate,Paris,Ile-de-France,France,EU,Central
NK-18490,Neil Knudson,Home Office,Brisbane,Queensland,Australia,APAC,Oceania
TR-11325,Toby Ritter,Consumer,Rabat,Rabat-Salé-Zemmour-Zaer,Morocco,Africa,Africa
NC-18535,Nick Crebassa,Corporate,Dallas,Texas,United States,US,Central
NP-8325,Naresj Patel,Consumer,Lisichansk,Luhans'k,Ukraine,EMEA,EMEA
JH-15985,Joseph Holt,Consumer,Bordeaux,Aquitaine,France,EU,Central
SM-20005,Sally Matthias,Consumer,Utrecht,Utrecht,Netherlands,EU,Central
CM-12445,Chuck Magee,Consumer,Paris,Ile-de-France,France,EU,Central
PB-19150,Philip Brown,Consumer,Cholula,Puebla,Mexico,LATAM,North
CC-12685,Craig Carroll,Consumer,Linz,Upper Austria,Austria,EU,Central
RS-9870,Roy Skaria,Home Office,Cairo,Al Qahirah,Egypt,Africa,Africa
BS-11755,Bruce Stewart,Consumer,Detroit,Michigan,United States,US,Central
BF-1020,Barry Französisch,Corporate,Casablanca,Grand Casablanca,Morocco,Africa,Africa
BP-11290,Beth Paige,Consumer,La Paz,La Paz,Bolivia,LATAM,South
JD-16060,Julia Dunbar,Consumer,Tilburg,North Brabant,Netherlands,EU,Central
SJ-20500,Shirley Jackson,Consumer,Fairfield,Connecticut,United States,US,East
MV-18190,Mike Vittorini,Consumer,Raleigh,North Carolina,United States,US,South
SJ-10500,Shirley Jackson,Consumer,Ankara,Ankara,Turkey,EMEA,EMEA
MF-18250,Monica Federle,Corporate,Depok,Yogyakarta,Indonesia,APAC,Southeast Asia
JH-5430,Jennifer Halladay,Consumer,Djibouti,Djibouti,Djibouti,Africa,Africa
JM-15865,John Murray,Consumer,San Angelo,Texas,United States,US,Central
PC-19000,Pauline Chand,Home Office,Manado,Sulawesi Utara,Indonesia,APAC,Southeast Asia
SB-10290,Sean Braxton,Corporate,Medina,Al Madinah,Saudi Arabia,EMEA,EMEA
LB-16795,Laurel Beltran,Home Office,Oxnard,California,United States,US,West
JD-15895,Jonathan Doherty,Corporate,Richmond,Virginia,United States,US,South
DR-12940,Daniel Raglin,Home Office,Mosquera,Cundinamarca,Colombia,LATAM,South
EK-3795,Eileen Kiefer,Home Office,Casablanca,Grand Casablanca,Morocco,Africa,Africa
LB-6795,Laurel Beltran,Home Office,Cape Town,Western Cape,South Africa,Africa,Africa
JP-15520,Jeremy Pistek,Consumer,Nottingham,England,United Kingdom,EU,North
TP-11130,Theone Pippenger,Consumer,Alexandria,Al Iskandariyah,Egypt,Africa,Africa
EB-13975,Erica Bern,Corporate,Manila,National Capital,Philippines,APAC,Southeast Asia
SR-20740,Steven Roelle,Home Office,Managua,Managua,Nicaragua,LATAM,Central
BF-11080,Bart Folk,Consumer,Adelaide,South Australia,Australia,APAC,Oceania
HM-14860,Harry Marie,Corporate,Cruz das Almas,Bahia,Brazil,LATAM,South
CV-2805,Cynthia Voltz,Corporate,Istanbul,Istanbul,Turkey,EMEA,EMEA
JF-15190,Jamie Frazer,Consumer,New York City,New York,United States,US,East
MY-18295,Muhammed Yedwab,Corporate,Houston,Texas,United States,US,Central
AS-10225,Alan Schoenberger,Corporate,Longmont,Colorado,United States,US,West
MK-18160,Mike Kennedy,Consumer,San Francisco,California,United States,US,West
LR-17035,Lisa Ryan,Corporate,Vitoria,Basque Country,Spain,EU,South
SS-20590,Sonia Sunley,Consumer,Camagüey,Camagüey,Cuba,LATAM,Caribbean
JE-15745,Joel Eaton,Consumer,Soyapango,San Salvador,El Salvador,LATAM,Central
BT-1485,Brad Thomas,Home Office,Ashgabat,Ashgabat,Turkmenistan,EMEA,EMEA
SJ-10125,Sanjit Jacobs,Home Office,Johannesburg,Gauteng,South Africa,Africa,Africa
SS-20875,Sung Shariari,Consumer,Lucknow,Uttar Pradesh,India,APAC,Central Asia
MB-17305,Maria Bertelson,Consumer,Avellino,Campania,Italy,EU,South
JL-5130,Jack Lebron,Consumer,Oktyabr'skiy,Bashkortostan,Russia,EMEA,EMEA
JF-15490,Jeremy Farry,Consumer,Mexico City,Distrito Federal,Mexico,LATAM,North
DC-3285,Debra Catini,Consumer,Bursa,Bursa,Turkey,EMEA,EMEA
SW-20755,Steven Ward,Corporate,Perth,Western Australia,Australia,APAC,Oceania
CP-12340,Christine Phan,Corporate,Ube,Yamaguchi,Japan,APAC,North Asia
MR-17545,Mathew Reese,Home Office,Trier,Rhineland-Palatinate,Germany,EU,Central
CS-12355,Christine Sundaresam,Consumer,Shrewsbury,England,United Kingdom,EU,North
MG-17875,Michael Grace,Home Office,Querétaro,Querétaro,Mexico,LATAM,North
ND-18370,Natalie DeCherney,Consumer,Eragny,Ile-de-France,France,EU,Central
CD-1920,Carlos Daly,Consumer,Salavat,Bashkortostan,Russia,EMEA,EMEA
PV-18985,Paul Van Hugh,Home Office,Manila,National Capital,Philippines,APAC,Southeast Asia
ME-8010,Michelle Ellison,Corporate,Bandundu,Bandundu,Democratic Republic of the Congo,Africa,Africa
CW-11905,Carl Weiss,Home Office,Soyapango,San Salvador,El Salvador,LATAM,Central
AY-555,Andy Yotov,Corporate,Nguigmi,Diffa,Niger,Africa,Africa
HR-14830,Harold Ryan,Corporate,São Bernardo do Campo,São Paulo,Brazil,LATAM,South
SO-20335,Sean O'Donnell,Consumer,León,Guanajuato,Mexico,LATAM,North
MM-17920,Michael Moore,Consumer,Mejicanos,San Salvador,El Salvador,LATAM,Central
TB-11190,Thomas Brumley,Home Office,Meknes,Meknès-Tafilalet,Morocco,Africa,Africa
EB-13840,Ellis Ballard,Corporate,New York City,New York,United States,US,East
GZ-14470,Gary Zandusky,Consumer,Mackay,Queensland,Australia,APAC,Oceania
HW-14935,Helen Wasserman,Corporate,Granada,Granada,Nicaragua,LATAM,Central
MD-7350,Maribeth Dona,Consumer,Usak,Usak,Turkey,EMEA,EMEA
JF-15415,Jennifer Ferguson,Consumer,Nueva Gerona,Isla de la Juventud,Cuba,LATAM,Caribbean
KB-6315,Karl Braun,Consumer,Kolwezi,Katanga,Democratic Republic of the Congo,Africa,Africa
BM-11140,Becky Martin,Consumer,New York City,New York,United States,US,East
RF-9840,Roy Französisch,Consumer,Qarshi,Qashqadaryo,Uzbekistan,EMEA,EMEA
EJ-13720,Ed Jacobs,Consumer,Soyapango,San Salvador,El Salvador,LATAM,Central
ZC-21910,Zuschuss Carroll,Consumer,Tegucigalpa,Francisco Morazán,Honduras,LATAM,Central
DH-13675,Duane Huffman,Home Office,Tegucigalpa,Francisco Morazán,Honduras,LATAM,Central
PR-18880,Patrick Ryan,Consumer,Nice,Provence-Alpes-Côte d'Azur,France,EU,Central
TC-21145,Theresa Coyne,Corporate,Lahore,Punjab,Pakistan,APAC,Central Asia
MZ-17335,Maria Zettner,Home Office,Mons-en-Baroeul,Nord-Pas-de-Calais,France,EU,Central
JG-15160,James Galang,Consumer,Murray,Kentucky,United States,US,South
AB-10060,Adam Bellavance,Home Office,Antiguo Cuscatlán,La Libertad,El Salvador,LATAM,Central
HH-5010,Hilary Holden,Corporate,Donets'k,Donetsk,Ukraine,EMEA,EMEA
IM-15070,Irene Maddox,Consumer,Seattle,Washington,United States,US,West
EM-3810,Eleni McCrary,Corporate,Nizhyn,Chernihiv,Ukraine,EMEA,EMEA
BS-1800,Bryan Spruell,Home Office,Khorramabad,Lorestan,Iran,EMEA,EMEA
CS-12175,Charles Sheldon,Corporate,Townsville,Queensland,Australia,APAC,Oceania
HE-14800,Harold Engle,Corporate,Newark,Delaware,United States,US,East
CB-12415,Christy Brittain,Consumer,León,León,Nicaragua,LATAM,Central
RB-19330,Randy Bradley,Consumer,Changchun,Jilin,China,APAC,North Asia
TP-21130,Theone Pippenger,Consumer,Georgetown,Kentucky,United States,US,South
EM-13960,Eric Murdock,Consumer,Guadalajara,Jalisco,Mexico,LATAM,North
AG-10300,Aleksandra Gannaway,Corporate,Franklin,Massachusetts,United States,US,East
MS-7710,Maurice Satty,Consumer,Kryvyy Rih,Dnipropetrovs'k,Ukraine,EMEA,EMEA
RB-19645,Robert Barroso,Corporate,Gonaïves,Artibonite,Haiti,LATAM,Caribbean
HF-4995,Herbert Flentye,Consumer,Dakar,Dakar,Senegal,Africa,Africa
AB-10165,Alan Barnes,Consumer,Chennai,Tamil Nadu,India,APAC,Central Asia
BP-1230,Benjamin Patterson,Consumer,Tunis,Tunis,Tunisia,Africa,Africa
AI-10855,Arianne Irving,Consumer,Bremen,Bremen,Germany,EU,Central
TH-11550,Tracy Hopkins,Home Office,Ikot Ekpene,Akwa Ibom,Nigeria,Africa,Africa
LM-17065,Liz MacKendrick,Consumer,Meudon,Ile-de-France,France,EU,Central
DJ-13420,Denny Joy,Corporate,Halle,North Rhine-Westphalia,Germany,EU,Central
TH-21550,Tracy Hopkins,Home Office,Mixco,Guatemala,Guatemala,LATAM,Central
DR-2940,Daniel Raglin,Home Office,Mersin,Mersin,Turkey,EMEA,EMEA
AF-10885,Art Foster,Consumer,Datong,Anhui,China,APAC,North Asia
AP-10720,Anne Pryor,Home Office,Los Angeles,California,United States,US,West
DP-13105,Dave Poirier,Corporate,Hempstead,New York,United States,US,East
JJ-5445,Jennifer Jackson,Consumer,Hamadan,Hamadan,Iran,EMEA,EMEA
JF-15565,Jill Fjeld,Consumer,Sabadell,Catalonia,Spain,EU,South
FW-14395,Fred Wasserman,Corporate,León,León,Nicaragua,LATAM,Central
JS-15685,Jim Sink,Corporate,Clamart,Ile-de-France,France,EU,Central
DW-13195,David Wiener,Corporate,Melbourne,Victoria,Australia,APAC,Oceania
LH-16900,Lena Hernandez,Consumer,Greenville,North Carolina,United States,US,South
MC-18100,Mick Crebagga,Consumer,Nantes,Pays de la Loire,France,EU,Central
CM-11830,Cari MacIntyre,Corporate,Managua,Managua,Nicaragua,LATAM,Central
KB-6405,Katrina Bavinger,Home Office,Ashdod,Southern,Israel,EMEA,EMEA
TC-20980,Tamara Chand,Corporate,Bogotá,Bogota,Colombia,LATAM,South
AO-10810,Anthony O'Donnell,Corporate,Samarinda,Kalimantan Timur,Indonesia,APAC,Southeast Asia
LS-16945,Linda Southworth,Corporate,Adelaide,South Australia,Australia,APAC,Oceania
RL-9615,Rob Lucas,Consumer,Cape Town,Western Cape,South Africa,Africa,Africa
CC-12370,Christopher Conant,Consumer,Raipur,Uttarakhand,India,APAC,Central Asia
PR-8880,Patrick Ryan,Consumer,Calabar,Cross River,Nigeria,Africa,Africa
RD-19480,Rick Duston,Consumer,Peterborough,England,United Kingdom,EU,North
GH-14485,Gene Hale,Corporate,Richardson,Texas,United States,US,Central
JB-16045,Julia Barnett,Home Office,Columbus,Ohio,United States,US,East
DB-13615,Doug Bickford,Consumer,San Francisco,California,United States,US,West
AG-330,Alex Grayson,Consumer,Kassala,Kassala,Sudan,Africa,Africa
EJ-14155,Eva Jacobs,Consumer,Badalona,Catalonia,Spain,EU,South
CB-12535,Claudia Bergmann,Corporate,Yingcheng,Hubei,China,APAC,North Asia
VB-21745,Victoria Brennan,Corporate,Seville,Andalusía,Spain,EU,South
KN-16705,Kristina Nunn,Home Office,Qitaihe,Heilongjiang,China,APAC,North Asia
BW-1110,Bart Watters,Corporate,Khmel'nyts'kyy,Khmel'nyts'kyy,Ukraine,EMEA,EMEA
SC-20380,Shahid Collister,Consumer,Managua,Managua,Nicaragua,LATAM,Central
SP-20650,Stephanie Phelps,Corporate,Stockton,California,United States,US,West
SB-10185,Sarah Brown,Consumer,Mombasa,Coast,Kenya,Africa,Africa
JS-16030,Joy Smith,Consumer,Mumbai,Maharashtra,India,APAC,Central Asia
GB-14530,George Bell,Corporate,Fort Worth,Texas,United States,US,Central
FO-4305,Frank Olsen,Consumer,Johannesburg,Gauteng,South Africa,Africa,Africa
RD-9810,Ross DeVincentis,Home Office,Johannesburg,Gauteng,South Africa,Africa,Africa
BE-11410,Bobby Elias,Consumer,Manila,National Capital,Philippines,APAC,Southeast Asia
MY-17380,Maribeth Yedwab,Corporate,Lisbon,Lisboa,Portugal,EU,South
LW-7125,Liz Willingham,Consumer,Laghouat,Laghouat,Algeria,Africa,Africa
PM-18940,Paul MacIntyre,Consumer,Springfield,Virginia,United States,US,South
JR-15700,Jocasta Rupert,Consumer,Tegucigalpa,Francisco Morazán,Honduras,LATAM,Central
FA-14230,Frank Atkinson,Corporate,Tarbes,Midi-Pyrénées,France,EU,Central
DK-12835,Damala Kotsonis,Corporate,Franklin,Tennessee,United States,US,South
JE-6165,Justin Ellison,Corporate,Kinshasa,Kinshasa,Democratic Republic of the Congo,Africa,Africa
RE-9405,Ricardo Emerson,Consumer,Benguela,Benguela,Angola,Africa,Africa
JL-15505,Jeremy Lonsdale,Consumer,Santiago,Santiago,Chile,LATAM,South
ER-3855,Elpida Rittenbach,Corporate,Nazilli,Aydin,Turkey,EMEA,EMEA
NF-18385,Natalie Fritzler,Consumer,Cairns,Queensland,Australia,APAC,Oceania
JP-5460,Jennifer Patt,Corporate,Luanda,Luanda,Angola,Africa,Africa
MG-18205,Mitch Gastineau,Corporate,Saint-Michel-sur-Orge,Ile-de-France,France,EU,Central
RA-9945,Ryan Akin,Consumer,Dnipropetrovs'k,Dnipropetrovs'k,Ukraine,EMEA,EMEA
EB-13870,Emily Burns,Consumer,Franklin,Tennessee,United States,US,South
GD-4590,Giulietta Dortch,Corporate,Kaduna,Kaduna,Nigeria,Africa,Africa
NZ-18565,Nick Zandusky,Home Office,Palma Soriano,Santiago de Cuba,Cuba,LATAM,Caribbean
KC-16540,Kelly Collister,Consumer,Punta Arenas,Magallanes y Antártica Chilena,Chile,LATAM,South
DB-13555,Dorothy Badders,Corporate,Jakarta,Jakarta,Indonesia,APAC,Southeast Asia
NB-18655,Nona Balk,Corporate,Gold Coast,Queensland,Australia,APAC,Oceania
SC-20575,Sonia Cooley,Consumer,Stockholm,Stockholm,Sweden,EU,North
BW-11110,Bart Watters,Corporate,New York City,New York,United States,US,East
HA-14920,Helen Andreada,Consumer,Cochabamba,Cochabamba,Bolivia,LATAM,South
SL-20155,Sara Luxemburg,Home Office,New York City,New York,United States,US,East
MH-17455,Mark Hamilton,Consumer,Greenwood,Indiana,United States,US,Central
JL-15835,John Lee,Consumer,Hanover,Lower Saxony,Germany,EU,Central
EB-3930,Eric Barreto,Consumer,Kryvyy Rih,Dnipropetrovs'k,Ukraine,EMEA,EMEA
TS-21370,Todd Sumrall,Corporate,Lima,Lima (city),Peru,LATAM,South
GM-4455,Gary Mitchum,Home Office,Kismaayo,Jubbada Hoose,Somalia,Africa,Africa
LH-17155,Logan Haushalter,Consumer,San Francisco,California,United States,US,West
BN-11470,Brad Norvell,Corporate,Chimaltenango,Chimaltenango,Guatemala,LATAM,Central
SJ-20125,Sanjit Jacobs,Home Office,Long Beach,California,United States,US,West
CM-12235,Chris McAfee,Consumer,Watertown,New York,United States,US,East
BT-11530,Bradley Talbott,Home Office,Santa Clara,Villa Clara,Cuba,LATAM,Caribbean
KW-16435,Katrina Willman,Consumer,Torrevieja,Valenciana,Spain,EU,South
MZ-17515,Mary Zewe,Corporate,Mount Gambier,South Australia,Australia,APAC,Oceania
RH-19495,Rick Hansen,Consumer,Bogor,Jawa Barat,Indonesia,APAC,Southeast Asia
AP-10915,Arthur Prichep,Consumer,Seattle,Washington,United States,US,West
RF-19345,Randy Ferguson,Corporate,Barranquilla,Atlántico,Colombia,LATAM,South
HA-14905,Helen Abelman,Consumer,Dhaka,Dhaka,Bangladesh,APAC,Central Asia
ML-8265,Muhammed Lee,Consumer,Hrodna,Hrodna,Belarus,EMEA,EMEA
NM-18445,Nathan Mautz,Home Office,Antiguo Cuscatlán,La Libertad,El Salvador,LATAM,Central
RA-19285,Ralph Arnett,Consumer,Manzanillo,Granma,Cuba,LATAM,Caribbean
KN-6390,Katherine Nockton,Corporate,Dayr az Zawr,Dayr Az Zawr,Syria,EMEA,EMEA
JB-15400,Jennifer Braxton,Corporate,Hyderabad,Sindh,Pakistan,APAC,Central Asia
CW-1905,Carl Weiss,Home Office,Bamenda,Nord-Ouest,Cameroon,Africa,Africa
LR-16915,Lena Radford,Consumer,Homestead,Florida,United States,US,South
BG-11740,Bruce Geld,Consumer,Barry,Wales,United Kingdom,EU,North
AG-10390,Allen Goldenen,Consumer,Mauá,São Paulo,Brazil,LATAM,South
KD-6345,Katherine Ducich,Consumer,Kashan,Esfahan,Iran,EMEA,EMEA
BW-1200,Ben Wallace,Consumer,Poznan,Greater Poland,Poland,EMEA,EMEA
CJ-12010,Caroline Jumper,Consumer,Buenos Aires,Buenos Aires,Argentina,LATAM,South
AS-225,Alan Schoenberger,Corporate,Regina,Saskatchewan,Canada,Canada,Canada
KC-16255,Karen Carlisle,Corporate,Schiedam,South Holland,Netherlands,EU,Central
JM-15250,Janet Martin,Consumer,Suzhou,Anhui,China,APAC,North Asia
FM-14380,Fred McMath,Consumer,Aurora,Colorado,United States,US,West
JM-15265,Janet Molinari,Corporate,Barcelona,Catalonia,Spain,EU,South
DL-13495,Dionis Lloyd,Corporate,Madrid,Madrid,Spain,EU,South
PJ-8835,Patrick Jones,Corporate,Calabar,Cross River,Nigeria,Africa,Africa
DB-13270,Deborah Brumfield,Home Office,Portland,Oregon,United States,US,West
CR-2625,Corey Roper,Home Office,Casablanca,Grand Casablanca,Morocco,Africa,Africa
CR-12625,Corey Roper,Home Office,Montpellier,Languedoc-Roussillon,France,EU,Central
CM-12190,Charlotte Melton,Consumer,Zapopan,Jalisco,Mexico,LATAM,North
CK-12595,Clytie Kelty,Consumer,Wollongong,New South Wales,Australia,APAC,Oceania
SC-20695,Steve Chapman,Corporate,Springfield,Ohio,United States,US,East
HJ-4875,Heather Jas,Home Office,Baghdad,Baghdad,Iraq,EMEA,EMEA
RD-9480,Rick Duston,Consumer,Alexandria,Al Iskandariyah,Egypt,Africa,Africa
MH-18115,Mick Hernandez,Home Office,Dhaka,Dhaka,Bangladesh,APAC,Central Asia
KD-16345,Katherine Ducich,Consumer,Derby,England,United Kingdom,EU,North
LS-7200,Luke Schmidt,Corporate,Bursa,Bursa,Turkey,EMEA,EMEA
SG-20470,Sheri Gordon,Consumer,Coimbatore,Tamil Nadu,India,APAC,Central Asia
ES-14020,Erica Smith,Consumer,Menden,North Rhine-Westphalia,Germany,EU,Central
SJ-10215,Sarah Jordon,Consumer,Izmir,Izmir,Turkey,EMEA,EMEA
JL-15850,John Lucas,Consumer,Mixco,Guatemala,Guatemala,LATAM,Central
RD-19660,Robert Dilbeck,Home Office,Cuajimalpa,Distrito Federal,Mexico,LATAM,North
RF-19840,Roy Französisch,Consumer,Pasadena,California,United States,US,West
CG-12040,Catherine Glotzbach,Home Office,Fuenlabrada,Madrid,Spain,EU,South
JE-16165,Justin Ellison,Corporate,Vienna,Vienna,Austria,EU,Central
PO-19180,Philisse Overcash,Home Office,Jinan,Shandong,China,APAC,North Asia
KB-16600,Ken Brennan,Corporate,Ho Chi Minh City,Ho Chí Minh City,Vietnam,APAC,Southeast Asia
MG-17650,Matthew Grinstein,Home Office,Jackson,Michigan,United States,US,Central
AS-10135,Adrian Shami,Home Office,Xi'an,Shaanxi,China,APAC,North Asia
RR-19525,Rick Reed,Corporate,Manila,National Capital,Philippines,APAC,Southeast Asia
KH-16630,Ken Heidel,Corporate,Norman,Oklahoma,United States,US,Central
VB-11745,Victoria Brennan,Corporate,Ulan Bator,Ulaanbaatar,Mongolia,EMEA,EMEA
LL-16840,Lauren Leatherbury,Consumer,Hanover,Lower Saxony,Germany,EU,Central
TB-21250,Tim Brockman,Consumer,Monterrey,Nuevo León,Mexico,LATAM,North
HD-14785,Harold Dahlen,Home Office,Panama City,Panama,Panama,LATAM,Central
VT-21700,Valerie Takahito,Home Office,Jakarta,Jakarta,Indonesia,APAC,Southeast Asia
RW-19630,Rob Williams,Corporate,Torrance,California,United States,US,West
DB-13210,Dean Braden,Consumer,Panama City,Panama,Panama,LATAM,Central
SH-20395,Shahid Hopkins,Consumer,Cuyahoga Falls,Ohio,United States,US,East
BP-11230,Benjamin Patterson,Consumer,Los Angeles,California,United States,US,West
ML-18265,Muhammed Lee,Consumer,Hildesheim,Lower Saxony,Germany,EU,Central
SN-10560,Skye Norling,Home Office,Likasi,Katanga,Democratic Republic of the Congo,Africa,Africa
MK-7905,Michael Kennedy,Corporate,Vancouver,British Columbia,Canada,Canada,Canada
AS-10630,Ann Steele,Home Office,Whakatane,Bay of Plenty,New Zealand,APAC,Oceania
CA-12055,Cathy Armstrong,Home Office,Sydney,New South Wales,Australia,APAC,Oceania
DH-13075,Dave Hallsten,Corporate,Masaya,Masaya,Nicaragua,LATAM,Central
SW-20350,Sean Wendt,Home Office,Nijmegen,Gelderland,Netherlands,EU,Central
CS-2400,Christopher Schild,Home Office,Mogadishu,Banaadir,Somalia,Africa,Africa
CM-1830,Cari MacIntyre,Corporate,Lagos,Lagos,Nigeria,Africa,Africa
TC-21475,Tony Chapman,Home Office,Fayetteville,Arkansas,United States,US,South
PK-18910,Paul Knutson,Home Office,Soyapango,San Salvador,El Salvador,LATAM,Central
MP-18175,Mike Pelletier,Home Office,Springfield,Oregon,United States,US,West
DB-13360,Dennis Bolton,Home Office,Gradignan,Aquitaine,France,EU,Central
BS-11800,Bryan Spruell,Home Office,Oberhausen,North Rhine-Westphalia,Germany,EU,Central
ML-17395,Marina Lichtenstein,Corporate,Consolación del Sur,Pinar del Río,Cuba,LATAM,Caribbean
HK-14890,Heather Kirkland,Corporate,Stafford,England,United Kingdom,EU,North
TP-11565,Tracy Poddar,Corporate,Foumban,Ouest,Cameroon,Africa,Africa
TS-11610,Troy Staebel,Consumer,Zanjan,Zanjan,Iran,EMEA,EMEA
LS-16975,Lindsay Shagiari,Home Office,Ujjain,Madhya Pradesh,India,APAC,Central Asia
DP-13000,Darren Powers,Consumer,Berlin,Berlin,Germany,EU,Central
ND-18460,Neil Ducich,Corporate,Dordrecht,South Holland,Netherlands,EU,Central
PK-19075,Pete Kriz,Consumer,Apple Valley,California,United States,US,West
VP-21760,Victoria Pisteka,Corporate,Madrid,Madrid,Spain,EU,South
TN-21040,Tanja Norvell,Home Office,San Diego,California,United States,US,West
RW-19540,Rick Wilson,Corporate,Regensburg,Bavaria,Germany,EU,Central
IL-15100,Ivan Liston,Consumer,Geelong,Victoria,Australia,APAC,Oceania
PS-19045,Penelope Sewall,Home Office,Whangarei,Northland,New Zealand,APAC,Oceania
SF-20065,Sandra Flanagan,Consumer,Goldsboro,North Carolina,United States,US,South
GM-4695,Greg Maxwell,Corporate,Sale,Rabat-Salé-Zemmour-Zaer,Morocco,Africa,Africa
AJ-945,Ashley Jarboe,Consumer,Kano,Kano,Nigeria,Africa,Africa
CC-12670,Craig Carreira,Consumer,Chicago,Illinois,United States,US,Central
MM-17260,Magdelene Morse,Consumer,Berlin,Berlin,Germany,EU,Central
VP-21730,Victor Preis,Home Office,Munich,Bavaria,Germany,EU,Central
MM-8055,Michelle Moray,Consumer,Sabzevar,Razavi Khorasan,Iran,EMEA,EMEA
MC-17845,Michael Chen,Consumer,New Plymouth,Taranaki,New Zealand,APAC,Oceania
SP-20920,Susan Pistek,Consumer,Sucy-en-Brie,Ile-de-France,France,EU,Central
MK-8160,Mike Kennedy,Consumer,Zabrze,Silesia,Poland,EMEA,EMEA
LD-17005,Lisa DeCherney,Consumer,Mouscron,Hainaut,Belgium,EU,Central
TH-11235,Tiffany House,Corporate,Istanbul,Istanbul,Turkey,EMEA,EMEA
LF-7185,Luke Foster,Consumer,Sofia,Sofiya-Grad,Bulgaria,EMEA,EMEA
KA-6525,Kelly Andreada,Consumer,Aba,Abia,Nigeria,Africa,Africa
RP-19855,Roy Phan,Corporate,Warangal,Telangana,India,APAC,Central Asia
LB-16735,Larry Blacks,Consumer,Quetzaltenango,Quezaltenango,Guatemala,LATAM,Central
AH-10690,Anna Häberlin,Corporate,Granada,Granada,Nicaragua,LATAM,Central
CC-12430,Chuck Clark,Home Office,Perth,Western Australia,Australia,APAC,Oceania
DG-3300,Deirdre Greer,Corporate,Maputo,Cidade De Maputo,Mozambique,Africa,Africa
BF-11215,Benjamin Farhat,Home Office,Huaibei,Anhui,China,APAC,North Asia
AR-10825,Anthony Rawles,Corporate,Mandurah,Western Australia,Australia,APAC,Oceania
RA-9885,Ruben Ausman,Corporate,Donets'k,Donetsk,Ukraine,EMEA,EMEA
TW-21025,Tamara Willingham,Home Office,Blackpool,England,United Kingdom,EU,North
TB-21055,Ted Butterfield,Consumer,Holguín,Holguín,Cuba,LATAM,Caribbean
CG-2040,Catherine Glotzbach,Home Office,Uskudar,Istanbul,Turkey,EMEA,EMEA
DS-13180,David Smith,Corporate,San Miguelito,Panama,Panama,LATAM,Central
NS-18640,Noel Staavos,Corporate,Carlsbad,New Mexico,United States,US,West
GG-14650,Greg Guthrie,Corporate,Singapore,Singapore,Singapore,APAC,Southeast Asia
TB-21520,Tracy Blumstein,Consumer,Sargodha,Punjab,Pakistan,APAC,Central Asia
RE-9450,Richard Eichhorn,Consumer,Lagos,Lagos,Nigeria,Africa,Africa
CM-12655,Corinna Mitchell,Home Office,Taupo,Waikato,New Zealand,APAC,Oceania
AR-510,Andrew Roberts,Consumer,Ankara,Ankara,Turkey,EMEA,EMEA
CM-12160,Charles McCrossin,Consumer,San Francisco,California,United States,US,West
TA-21385,Tom Ashbrook,Home Office,Colima,Colima,Mexico,LATAM,North
AH-10075,Adam Hart,Corporate,Arlington,Texas,United States,US,Central
KD-16270,Karen Daniels,Consumer,Rennes,Brittany,France,EU,Central
TG-21640,Trudy Glocke,Consumer,Gold Coast,Queensland,Australia,APAC,Oceania
FH-14275,Frank Hawley,Corporate,Palu,Sulawesi Tengah,Indonesia,APAC,Southeast Asia
AB-10105,Adrian Barton,Consumer,Detroit,Michigan,United States,US,Central
GH-4485,Gene Hale,Corporate,Regina,Saskatchewan,Canada,Canada,Canada
SC-20095,Sanjit Chand,Consumer,Lyon,Rhône-Alpes,France,EU,Central
CC-12475,Cindy Chapman,Consumer,Edinburgh,Scotland,United Kingdom,EU,North
KT-16465,Kean Takahito,Consumer,San Salvador de Jujuy,Jujuy,Argentina,LATAM,South
SC-20680,Steve Carroll,Home Office,Lorient,Brittany,France,EU,Central
DC-2850,Dan Campbell,Consumer,Hamadan,Hamadan,Iran,EMEA,EMEA
MC-17275,Marc Crier,Consumer,Krefeld,North Rhine-Westphalia,Germany,EU,Central
BF-11020,Barry Französisch,Corporate,Lima,Lima (city),Peru,LATAM,South
MM-18055,Michelle Moray,Consumer,Rome,Lazio,Italy,EU,South
EK-13795,Eileen Kiefer,Home Office,Moissy-Cramayel,Ile-de-France,France,EU,Central
JM-16195,Justin MacKendrick,Consumer,Gulbarga,Karnataka,India,APAC,Central Asia
SF-10965,Sylvia Foulston,Corporate,Balikesir,Balikesir,Turkey,EMEA,EMEA
MP-17470,Mark Packer,Home Office,Canberra,Australian Capital Territory,Australia,APAC,Oceania
PN-18775,Parhena Norris,Home Office,Omaha,Nebraska,United States,US,Central
MC-17605,Matt Connell,Corporate,Villa Canales,Guatemala,Guatemala,LATAM,Central
MS-17770,Maxwell Schwartz,Consumer,Singapore,Singapore,Singapore,APAC,Southeast Asia
AM-705,Anne McFarland,Consumer,Mississauga,Ontario,Canada,Canada,Canada
JE-15475,Jeremy Ellison,Consumer,San Diego,California,United States,US,West
DR-2880,Dan Reichenbach,Corporate,Al Mahallah al Kubra,Al Gharbiyah,Egypt,Africa,Africa
DH-3075,Dave Hallsten,Corporate,Mombasa,Coast,Kenya,Africa,Africa
AH-10120,Adrian Hane,Home Office,Salem,Oregon,United States,US,West
BD-11320,Bill Donatelli,Consumer,Essen,North Rhine-Westphalia,Germany,EU,Central
JG-15115,Jack Garza,Consumer,Xi'an,Shaanxi,China,APAC,North Asia
AH-10195,Alan Haines,Corporate,Tamarac,Florida,United States,US,South
JK-16120,Julie Kriz,Home Office,New York City,New York,United States,US,East
EH-14005,Erica Hernandez,Home Office,Nancy,Lorraine,France,EU,Central
JL-15235,Janet Lee,Consumer,Leuven,Flemish Brabant,Belgium,EU,Central
HG-14965,Henry Goldwyn,Corporate,Los Angeles,California,United States,US,West
AB-10150,Aimee Bixby,Consumer,Managua,Managua,Nicaragua,LATAM,Central
AY-10555,Andy Yotov,Corporate,San Francisco,California,United States,US,West
SK-9990,Sally Knutson,Consumer,Istanbul,Istanbul,Turkey,EMEA,EMEA
BP-11155,Becky Pak,Consumer,Cork,Cork,Ireland,EU,North
NC-18340,Nat Carroll,Consumer,Santiago de Cuba,Santiago de Cuba,Cuba,LATAM,Caribbean
EM-14095,Eudokia Martin,Corporate,Herne,North Rhine-Westphalia,Germany,EU,Central
KN-16390,Katherine Nockton,Corporate,Tegucigalpa,Francisco Morazán,Honduras,LATAM,Central
MS-17365,Maribeth Schnelling,Consumer,Itapecuru Mirim,Maranhão,Brazil,LATAM,South
KH-16510,Keith Herrera,Consumer,Ludhiana,Punjab,India,APAC,Central Asia
AR-405,Allen Rosenblatt,Corporate,Dakar,Dakar,Senegal,Africa,Africa
CV-2295,Christina VanderZanden,Consumer,Giurgiu,Giurgiu,Romania,EMEA,EMEA
AD-10180,Alan Dominguez,Home Office,London,England,United Kingdom,EU,North
TB-11175,Thomas Boland,Corporate,Istanbul,Istanbul,Turkey,EMEA,EMEA
BP-11050,Barry Pond,Corporate,Chicago,Illinois,United States,US,Central
AC-660,Anna Chung,Consumer,Berrechid,Chaouia-Ouardigha,Morocco,Africa,Africa
DM-13525,Don Miller,Corporate,Juárez,Chihuahua,Mexico,LATAM,North
SC-10770,Stewart Carmichael,Corporate,Ashgabat,Ashgabat,Turkmenistan,EMEA,EMEA
MH-17440,Mark Haberlin,Corporate,New York City,New York,United States,US,East
NC-8535,Nick Crebassa,Corporate,Vlore,Vlorë,Albania,EMEA,EMEA
SK-19990,Sally Knutson,Consumer,Ho Chi Minh City,Ho Chí Minh City,Vietnam,APAC,Southeast Asia
CS-2460,Chuck Sachs,Consumer,Kermanshah,Kermanshah,Iran,EMEA,EMEA
BE-11335,Bill Eplett,Home Office,Santa Cruz de la Sierra,Santa Cruz,Bolivia,LATAM,South
TS-11505,Tony Sayre,Consumer,Almaty,Almaty City,Kazakhstan,EMEA,EMEA
SP-20620,Stefania Perrino,Corporate,Barcelona,Catalonia,Spain,EU,South
RP-19390,Resi Pölking,Consumer,Kollam,Kerala,India,APAC,Central Asia
CS-1860,Cari Schnelling,Consumer,Plovdiv,Plovdiv,Bulgaria,EMEA,EMEA
DC-13285,Debra Catini,Consumer,San Pedro Sula,Cortés,Honduras,LATAM,Central
TT-21460,Tonja Turnell,Home Office,Mildura,Victoria,Australia,APAC,Oceania
AA-10645,Anna Andreadi,Consumer,Ixtapaluca,México,Mexico,LATAM,North
JH-15820,John Huston,Consumer,Turin,Piedmont,Italy,EU,South
LW-7215,Luke Weiss,Consumer,Port Harcourt,Rivers,Nigeria,Africa,Africa
KB-16405,Katrina Bavinger,Home Office,Águas Lindas de Goiás,Goiás,Brazil,LATAM,South
CR-12730,Craig Reiter,Consumer,Soacha,Cundinamarca,Colombia,LATAM,South
DC-12850,Dan Campbell,Consumer,Guangzhou,Guangdong,China,APAC,North Asia
JG-15310,Jason Gross,Corporate,Huangshi,Hubei,China,APAC,North Asia
VM-21685,Valerie Mitchum,Home Office,Evry,Ile-de-France,France,EU,Central
MS-17830,Melanie Seite,Consumer,Tepic,Nayarit,Mexico,LATAM,North
SN-10710,Steve Nguyen,Home Office,Ankara,Ankara,Turkey,EMEA,EMEA
CK-12325,Christine Kargatis,Home Office,Reading,England,United Kingdom,EU,North
RE-19405,Ricardo Emerson,Consumer,Mackay,Queensland,Australia,APAC,Oceania
TB-11355,Todd Boyes,Corporate,Lagos,Lagos,Nigeria,Africa,Africa
HM-14980,Henry MacAllister,Consumer,Brisbane,Queensland,Australia,APAC,Oceania
RB-19435,Richard Bierner,Consumer,Barranquilla,Atlántico,Colombia,LATAM,South
MC-17575,Matt Collins,Consumer,Fremont,Nebraska,United States,US,Central
BO-1425,Bobby Odegard,Consumer,Ramat Gan,Tel Aviv,Israel,EMEA,EMEA
KB-16585,Ken Black,Corporate,Puducherry,Puducherry,India,APAC,Central Asia
SC-20800,Stuart Calhoun,Consumer,Jackson,Mississippi,United States,US,South
LH-17020,Lisa Hazard,Consumer,Managua,Managua,Nicaragua,LATAM,Central
FH-14365,Fred Hopkins,Corporate,Mexicali,Baja California,Mexico,LATAM,North
RD-9660,Robert Dilbeck,Home Office,Tbilisi,Tbilisi,Georgia,EMEA,EMEA
DP-13390,Dennis Pardue,Home Office,Paracatu,Minas Gerais,Brazil,LATAM,South
SS-10410,Shahid Shariari,Consumer,Brampton,Ontario,Canada,Canada,Canada
NG-18430,Nathan Gelder,Consumer,Firozabad,Uttar Pradesh,India,APAC,Central Asia
LS-7245,Lynn Smith,Consumer,Lagos,Lagos,Nigeria,Africa,Africa
LC-16885,Lena Creighton,Consumer,New York City,New York,United States,US,East
CS-1950,Carlos Soltero,Consumer,Chimoio,Manica,Mozambique,Africa,Africa
MG-7890,Michael Granlund,Home Office,Istanbul,Istanbul,Turkey,EMEA,EMEA
JH-15430,Jennifer Halladay,Consumer,Depok,Jawa Barat,Indonesia,APAC,Southeast Asia
DN-13690,Duane Noonan,Consumer,Moreno Valley,California,United States,US,West
BF-11170,Ben Ferrer,Home Office,Soyapango,San Salvador,El Salvador,LATAM,Central
MJ-7740,Max Jones,Consumer,Bursa,Bursa,Turkey,EMEA,EMEA
CH-12070,Cathy Hwang,Home Office,Vichy,Auvergne,France,EU,Central
GM-14440,Gary McGarr,Consumer,Auckland,Auckland,New Zealand,APAC,Oceania
SA-20830,Sue Ann Reed,Consumer,Redmond,Oregon,United States,US,West
JK-15205,Jamie Kunitz,Consumer,Querétaro,Querétaro,Mexico,LATAM,North
SM-20905,Susan MacKendrick,Consumer,Cuautitlán,México,Mexico,LATAM,North
DK-13375,Dennis Kane,Consumer,Singapore,Singapore,Singapore,APAC,Southeast Asia
KN-16450,Kean Nguyen,Corporate,Jixi,Heilongjiang,China,APAC,North Asia
CK-2325,Christine Kargatis,Home Office,Basra,Al Basrah,Iraq,EMEA,EMEA
JH-15910,Jonathan Howell,Consumer,Talence,Aquitaine,France,EU,Central
SC-10575,Sonia Cooley,Consumer,Kryvyy Rih,Dnipropetrovs'k,Ukraine,EMEA,EMEA
QJ-19255,Quincy Jones,Corporate,Brussels,Brussels,Belgium,EU,Central
NL-18310,Nancy Lomonaco,Home Office,Santo Domingo,Santo Domingo,Dominican Republic,LATAM,Caribbean
AC-420,Alyssa Crouse,Corporate,Enugu,Enugu,Nigeria,Africa,Africa
JP-15460,Jennifer Patt,Corporate,Ji-Paraná,Rondônia,Brazil,LATAM,South
KH-6330,Katharine Harms,Corporate,Casablanca,Grand Casablanca,Morocco,Africa,Africa
SC-20230,Scot Coram,Corporate,Guangzhou,Guangdong,China,APAC,North Asia
VG-21805,Vivek Grady,Corporate,Harbin,Heilongjiang,China,APAC,North Asia
JW-16075,Julia West,Consumer,Saint-Cyr-sur-Loire,Centre,France,EU,Central
BP-11185,Ben Peterman,Corporate,Chicago,Illinois,United States,US,Central
AG-10900,Arthur Gainer,Consumer,Iserlohn,North Rhine-Westphalia,Germany,EU,Central
KE-16420,Katrina Edelman,Corporate,Jodhpur,Rajasthan,India,APAC,Central Asia
SG-20080,Sandra Glassco,Consumer,Tirunelveli,Tamil Nadu,India,APAC,Central Asia
IM-5055,Ionia McGrath,Consumer,Tetouan,Tanger-Tétouan,Morocco,Africa,Africa
RB-19570,Rob Beeghly,Consumer,Dublin,Dublin,Ireland,EU,North
PF-19165,Philip Fox,Consumer,Munich,Bavaria,Germany,EU,Central
SG-20605,Speros Goranitis,Consumer,San Juan de la Maguana,San Juan,Dominican Republic,LATAM,Caribbean
EB-13705,Ed Braxton,Corporate,Sydney,New South Wales,Australia,APAC,Oceania
CM-1935,Carlos Meador,Consumer,Ibadan,Oyo,Nigeria,Africa,Africa
FM-14290,Frank Merwin,Home Office,Philadelphia,Pennsylvania,United States,US,East
KH-16690,Kristen Hastings,Corporate,Kandahar,Kandahar,Afghanistan,APAC,Central Asia
GA-4515,George Ashbrook,Consumer,Johannesburg,Gauteng,South Africa,Africa,Africa
KF-6285,Karen Ferguson,Home Office,Kartal,Istanbul,Turkey,EMEA,EMEA
BG-11035,Barry Gonzalez,Consumer,Conselheiro Lafaiete,Minas Gerais,Brazil,LATAM,South
RS-19870,Roy Skaria,Home Office,Antiguo Cuscatlán,La Libertad,El Salvador,LATAM,Central
CA-11965,Carol Adams,Corporate,Warwick,Rhode Island,United States,US,East
CA-12775,Cynthia Arntzen,Consumer,Zapopan,Jalisco,Mexico,LATAM,North
CD-11980,Carol Darley,Consumer,Halle,North Rhine-Westphalia,Germany,EU,Central
LA-16780,Laura Armstrong,Corporate,Houston,Texas,United States,US,Central
JM-15655,Jim Mitchum,Corporate,Delmenhorst,Lower Saxony,Germany,EU,Central
NM-18520,Neoma Murray,Consumer,Bowling Green,Ohio,United States,US,East
MS-7980,Michael Stewart,Corporate,Zanjan,Zanjan,Iran,EMEA,EMEA
TS-21610,Troy Staebel,Consumer,Montevideo,Montevideo,Uruguay,LATAM,South
AJ-780,Anthony Jacobs,Corporate,Lagos,Lagos,Nigeria,Africa,Africa
TM-21490,Tony Molinari,Consumer,Lyon,Rhône-Alpes,France,EU,Central
CC-12100,Chad Cunningham,Home Office,Choluteca,Choluteca,Honduras,LATAM,Central
EH-13765,Edward Hooks,Corporate,Seattle,Washington,United States,US,West
JE-15610,Jim Epp,Corporate,Lyon,Rhône-Alpes,France,EU,Central
EL-13735,Ed Ludwig,Home Office,Buenos Aires,Buenos Aires,Argentina,LATAM,South
MC-17590,Matt Collister,Corporate,Grand Rapids,Michigan,United States,US,Central
EG-13900,Emily Grady,Consumer,Mejicanos,San Salvador,El Salvador,LATAM,Central
KB-6585,Ken Black,Corporate,Sarkand,Almaty,Kazakhstan,EMEA,EMEA
BV-11245,Benjamin Venier,Corporate,Seattle,Washington,United States,US,West
LD-16855,Lela Donovan,Corporate,Jaú,São Paulo,Brazil,LATAM,South
SW-10455,Shaun Weien,Consumer,Riyadh,Ar Riyad,Saudi Arabia,EMEA,EMEA
RA-19945,Ryan Akin,Consumer,São Paulo,São Paulo,Brazil,LATAM,South
KM-6225,Kalyca Meade,Corporate,Lagos,Lagos,Nigeria,Africa,Africa
EN-3780,Edward Nazzal,Consumer,Samalut,Al Minya,Egypt,Africa,Africa
DK-13150,David Kendrick,Corporate,Madrid,Madrid,Spain,EU,South
JC-15340,Jasper Cacioppo,Consumer,Shanghai,Shanghai,China,APAC,North Asia
BW-11200,Ben Wallace,Consumer,San Justo,Santa Fe,Argentina,LATAM,South
DL-3315,Delfina Latchford,Consumer,Shahreza,Esfahan,Iran,EMEA,EMEA
DV-3045,Darrin Van Huff,Corporate,Oleksandriya,Kirovohrad,Ukraine,EMEA,EMEA
AB-10255,Alejandro Ballentine,Home Office,Artemisa,Artemisa,Cuba,LATAM,Caribbean
JM-15535,Jessica Myrick,Consumer,New York City,New York,United States,US,East
TT-21070,Ted Trevino,Consumer,Barcelona,Catalonia,Spain,EU,South
DO-13645,Doug O'Connell,Consumer,Campo Limpo Paulista,São Paulo,Brazil,LATAM,South
SC-20305,Sean Christensen,Consumer,San Jose,California,United States,US,West
DK-13090,Dave Kipp,Consumer,Manila,National Capital,Philippines,APAC,Southeast Asia
MA-17560,Matt Abelman,Home Office,Cuernavaca,Morelos,Mexico,LATAM,North
DD-3570,Dorothy Dickinson,Consumer,Dakar,Dakar,Senegal,Africa,Africa
ML-7410,Maris LaWare,Consumer,Erzurum,Erzurum,Turkey,EMEA,EMEA
JC-15385,Jenna Caffey,Consumer,Wiesbaden,Hesse,Germany,EU,Central
GM-4500,Gene McClure,Consumer,Baghdad,Baghdad,Iraq,EMEA,EMEA
RB-19795,Ross Baird,Home Office,Charlotte,North Carolina,United States,US,South
GD-14590,Giulietta Dortch,Corporate,San Andrés Tuxtla,Veracruz,Mexico,LATAM,North
JK-15325,Jason Klamczynski,Corporate,Gera,Thuringia,Germany,EU,Central
SS-20140,Saphhira Shifley,Corporate,Nashua,New Hampshire,United States,US,East
TS-21655,Trudy Schmidt,Consumer,Fayetteville,Arkansas,United States,US,South
VD-21670,Valerie Dominguez,Consumer,Bognor Regis,England,United Kingdom,EU,North
CL-11890,Carl Ludwig,Consumer,Nagasaki,Nagasaki,Japan,APAC,North Asia
MC-7275,Marc Crier,Consumer,Ilorin,Kwara,Nigeria,Africa,Africa
YS-21880,Yana Sorensen,Corporate,Salta,Salta,Argentina,LATAM,South
RA-9285,Ralph Arnett,Consumer,Kinshasa,Kinshasa,Democratic Republic of the Congo,Africa,Africa
EG-3900,Emily Grady,Consumer,Kano,Kano,Nigeria,Africa,Africa
GK-14620,Grace Kelly,Corporate,Los Angeles,California,United States,US,West
PW-19030,Pauline Webber,Corporate,Shimoga,Karnataka,India,APAC,Central Asia
AG-10330,Alex Grayson,Consumer,New Plymouth,Taranaki,New Zealand,APAC,Oceania
BH-11710,Brosina Hoffman,Consumer,Deventer,Overijssel,Netherlands,EU,Central
RD-19720,Roger Demir,Consumer,Lismore,New South Wales,Australia,APAC,Oceania
BF-1275,Beth Fritzler,Corporate,Bursa,Bursa,Turkey,EMEA,EMEA
SS-20410,Shahid Shariari,Consumer,Le Chesnay,Ile-de-France,France,EU,Central
JE-15715,Joe Elijah,Consumer,New York City,New York,United States,US,East
SJ-20215,Sarah Jordon,Consumer,Grajaú,Maranhão,Brazil,LATAM,South
DB-13060,Dave Brooks,Consumer,Gold Coast,Queensland,Australia,APAC,Oceania
LW-16825,Laurel Workman,Corporate,Phoenix,Arizona,United States,US,West
DB-12970,Darren Budd,Corporate,New York City,New York,United States,US,East
BT-11485,Brad Thomas,Home Office,Munster,Lower Saxony,Germany,EU,Central
TC-11535,Tracy Collins,Home Office,Ulan Bator,Ulaanbaatar,Mongolia,EMEA,EMEA
LH-7020,Lisa Hazard,Consumer,Lome,Maritime,Togo,Africa,Africa
SB-20170,Sarah Bern,Consumer,Wollongong,New South Wales,Australia,APAC,Oceania
BM-1140,Becky Martin,Consumer,Cape Town,Western Cape,South Africa,Africa,Africa
KM-16660,Khloe Miller,Consumer,Shenzhen,Guangdong,China,APAC,North Asia
HH-15010,Hilary Holden,Corporate,São Paulo,São Paulo,Brazil,LATAM,South
JD-16150,Justin Deggeller,Corporate,Tlalpan,Distrito Federal,Mexico,LATAM,North
MD-17350,Maribeth Dona,Consumer,Brasília,Federal District,Brazil,LATAM,South
TT-21220,Thomas Thornton,Consumer,Yangon,Yangon,Myanmar (Burma),APAC,Southeast Asia
RW-19690,Robert Waldorf,Consumer,San Salvador,San Salvador,El Salvador,LATAM,Central
CS-11860,Cari Schnelling,Consumer,Vernon,Upper Normandy,France,EU,Central
BP-1290,Beth Paige,Consumer,Luanda,Luanda,Angola,Africa,Africa
LC-17140,Logan Currie,Consumer,Guangzhou,Guangdong,China,APAC,North Asia
RC-19825,Roy Collins,Consumer,Colorado Springs,Colorado,United States,US,West
PO-19195,Phillina Ober,Home Office,Panama City,Panama,Panama,LATAM,Central
PP-18955,Paul Prost,Home Office,Meudon,Ile-de-France,France,EU,Central
CL-2700,Craig Leslie,Home Office,Abidjan,Lagunes,Cote d'Ivoire,Africa,Africa
TM-21010,Tamara Manning,Consumer,Madrid,Madrid,Spain,EU,South
BS-11380,Bill Stewart,Corporate,Potsdam,Brandenburg,Germany,EU,Central
AR-345,Alex Russell,Corporate,Mecca,Makkah,Saudi Arabia,EMEA,EMEA
DK-12895,Dana Kaydos,Consumer,San Pedro Sula,Cortés,Honduras,LATAM,Central
AR-10510,Andrew Roberts,Consumer,Durg,Chhattisgarh,India,APAC,Central Asia
SC-10050,Sample Company A,Home Office,Mwanza,Mwanza,Tanzania,Africa,Africa
BS-11590,Brendan Sweed,Corporate,Dalian,Liaoning,China,APAC,North Asia
SH-19975,Sally Hughsby,Corporate,Denver,Colorado,United States,US,West
BT-1440,Bobby Trafton,Consumer,Istanbul,Istanbul,Turkey,EMEA,EMEA
SG-10080,Sandra Glassco,Consumer,Baghdad,Baghdad,Iraq,EMEA,EMEA
MC-18130,Mike Caudle,Corporate,Los Angeles,California,United States,US,West
AG-10495,Andrew Gjertsen,Corporate,Cosenza,Calabria,Italy,EU,South
CL-12565,Clay Ludtke,Consumer,Puyang,Henan,China,APAC,North Asia
MG-8205,Mitch Gastineau,Corporate,Cape Town,Western Cape,South Africa,Africa,Africa
FP-14320,Frank Preis,Consumer,Seattle,Washington,United States,US,West
AJ-10795,Anthony Johnson,Corporate,New York City,New York,United States,US,East
DB-13405,Denny Blanton,Consumer,Dhaka,Dhaka,Bangladesh,APAC,Central Asia
BO-11425,Bobby Odegard,Consumer,San José de las Lajas,Mayabeque,Cuba,LATAM,Caribbean
RP-19270,Rachel Payne,Corporate,Adelaide,South Australia,Australia,APAC,Oceania
RD-19810,Ross DeVincentis,Home Office,Akron,Ohio,United States,US,East
SP-10620,Stefania Perrino,Corporate,Accra,Greater Accra,Ghana,Africa,Africa
BC-11125,Becky Castell,Home Office,Manizales,Caldas,Colombia,LATAM,South
MT-17815,Meg Tillman,Consumer,Port Arthur,Texas,United States,US,Central
MN-17935,Michael Nguyen,Consumer,Clichy,Ile-de-France,France,EU,Central
DL-13315,Delfina Latchford,Consumer,Choloma,Cortés,Honduras,LATAM,Central
BG-11695,Brooke Gillingham,Corporate,Woodstock,Illinois,United States,US,Central
LC-16930,Linda Cazamias,Corporate,Launceston,Tasmania,Australia,APAC,Oceania
TS-21505,Tony Sayre,Consumer,Rome,Lazio,Italy,EU,South
VW-21775,Victoria Wilson,Corporate,Pematangsiantar,Sumatera Utara,Indonesia,APAC,Southeast Asia
MW-18220,Mitch Webber,Consumer,Lancaster,Ohio,United States,US,East
TZ-11445,Tom Zandusky,Corporate,Bagcilar,Istanbul,Turkey,EMEA,EMEA
JW-15955,Joni Wasserman,Consumer,Louisville,Kentucky,United States,US,South
EM-14140,Eugene Moren,Home Office,Santa Ana,California,United States,US,West
AC-10615,Ann Chong,Corporate,Gold Coast,Queensland,Australia,APAC,Oceania
AF-10870,Art Ferguson,Consumer,Hyderabad,Sindh,Pakistan,APAC,Central Asia
XP-21865,Xylona Preis,Consumer,Cabimas,Zulia,Venezuela,LATAM,South
MT-18070,Michelle Tran,Home Office,Shulan,Jilin,China,APAC,North Asia
ES-14080,Erin Smith,Corporate,Fresnillo de González Echeverría,Zacatecas,Mexico,LATAM,North
CY-12745,Craig Yedwab,Corporate,Querétaro,Querétaro,Mexico,LATAM,North
MC-17635,Matthew Clasen,Corporate,Canberra,Australian Capital Territory,Australia,APAC,Oceania
KL-16645,Ken Lonsdale,Consumer,Springfield,Oregon,United States,US,West
DG-13300,Deirdre Greer,Corporate,Shanghai,Shanghai,China,APAC,North Asia
BT-11440,Bobby Trafton,Consumer,Colón,Colón,Panama,LATAM,Central
AG-10765,Anthony Garverick,Home Office,Franca,São Paulo,Brazil,LATAM,South
ED-13885,Emily Ducich,Home Office,Hamburg,Hamburg,Germany,EU,Central
CD-11920,Carlos Daly,Consumer,Wichita,Kansas,United States,US,Central
TB-21595,Troy Blackwell,Consumer,Milwaukee,Wisconsin,United States,US,Central
FH-4365,Fred Hopkins,Corporate,Hurghada,Al Bahr Al Ahmar,Egypt,Africa,Africa
GR-4560,Georgia Rosenberg,Corporate,Maseru,Maseru,Lesotho,Africa,Africa
KA-16525,Kelly Andreada,Consumer,Aurora,Illinois,United States,US,Central
CM-12385,Christopher Martinez,Consumer,Norderstedt,Schleswig-Holstein,Germany,EU,Central
SP-20545,Sibella Parks,Corporate,Surat,Gujarat,India,APAC,Central Asia
TC-11295,Toby Carlisle,Consumer,Konya,Konya,Turkey,EMEA,EMEA
FO-14305,Frank Olsen,Consumer,Sacramento,California,United States,US,West
BM-11575,Brendan Murry,Corporate,Portoviejo,Manabi,Ecuador,LATAM,South
BB-11545,Brenda Bowman,Corporate,Darmstadt,Hesse,Germany,EU,Central
GB-14575,Giulietta Baptist,Consumer,San Miguelito,Panama,Panama,LATAM,Central
BB-990,Barry Blumstein,Corporate,Windhoek,Khomas,Namibia,Africa,Africa
RK-9300,Ralph Kennedy,Consumer,Bamako,Bamako,Mali,Africa,Africa
BP-1095,Bart Pistole,Corporate,Parakou,Borgou,Benin,Africa,Africa
MH-17290,Marc Harrigan,Home Office,Miami,Florida,United States,US,South
AA-10375,Allen Armold,Consumer,Molfetta,Apulia,Italy,EU,South
NM-8445,Nathan Mautz,Home Office,Matola,Maputo,Mozambique,Africa,Africa
GT-14710,Greg Tran,Consumer,Sydney,New South Wales,Australia,APAC,Oceania
SP-20860,Sung Pak,Corporate,Santo Domingo,Santo Domingo,Dominican Republic,LATAM,Caribbean
MP-17965,Michael Paige,Corporate,Bristol,Tennessee,United States,US,South
Dl-13600,Dorris liebe,Corporate,Melbourne,Victoria,Australia,APAC,Oceania
CJ-11875,Carl Jackson,Corporate,Philadelphia,Pennsylvania,United States,US,East
JH-5985,Joseph Holt,Consumer,Luanda,Luanda,Angola,Africa,Africa
EH-14185,Evan Henry,Consumer,West Palm Beach,Florida,United States,US,South
KD-16495,Keith Dawkins,Corporate,Deer Park,Texas,United States,US,Central
AA-10315,Alex Avila,Consumer,Agra,Uttar Pradesh,India,APAC,Central Asia
BM-11785,Bryan Mills,Consumer,Columbus,Ohio,United States,US,East
RR-19315,Ralph Ritter,Consumer,Kozhikode,Kerala,India,APAC,Central Asia
HA-4920,Helen Andreada,Consumer,Jerusalem,Jerusalem,Israel,EMEA,EMEA
DM-3015,Darrin Martin,Consumer,Basra,Al Basrah,Iraq,EMEA,EMEA
TZ-21580,Tracy Zic,Consumer,Tegucigalpa,Francisco Morazán,Honduras,LATAM,Central
TM-11490,Tony Molinari,Consumer,Gaziantep,Gaziantep,Turkey,EMEA,EMEA
BD-11620,Brian DeCherney,Consumer,Malegaon,Maharashtra,India,APAC,Central Asia
BD-11635,Brian Derr,Consumer,Hanoi,Th? Dô Hà N?i,Vietnam,APAC,Southeast Asia
WB-21850,William Brown,Consumer,Newcastle,New South Wales,Australia,APAC,Oceania
AB-105,Adrian Barton,Consumer,Usti nad Labem,Usti nad Labem,Czech Republic,EMEA,EMEA
MG-17695,Maureen Gnade,Consumer,Townsville,Queensland,Australia,APAC,Oceania
GM-14455,Gary Mitchum,Home Office,Redditch,England,United Kingdom,EU,North
EP-13915,Emily Phan,Consumer,Halle,Saxony-Anhalt,Germany,EU,Central
JK-15730,Joe Kamberova,Consumer,Rome,Lazio,Italy,EU,South
DM-12955,Dario Medina,Corporate,Lannion,Brittany,France,EU,Central
EC-14050,Erin Creighton,Consumer,Lahore,Punjab,Pakistan,APAC,Central Asia
TC-21295,Toby Carlisle,Consumer,Villenave-d'Ornon,Aquitaine,France,EU,Central
MY-7380,Maribeth Yedwab,Corporate,Ras al Khaymah,Ra's Al Khaymah,United Arab Emirates,EMEA,EMEA
AH-10465,Amy Hunt,Consumer,León,León,Nicaragua,LATAM,Central
SC-20725,Steven Cartwright,Consumer,Managua,Managua,Nicaragua,LATAM,Central
BD-11605,Brian Dahlen,Consumer,Lancaster,Pennsylvania,United States,US,East
JP-16135,Julie Prescott,Home Office,Los Angeles,California,United States,US,West
PF-19225,Phillip Flathmann,Consumer,Dresden,Saxony,Germany,EU,Central
NS-8505,Neola Schneider,Consumer,Pretoria,Gauteng,South Africa,Africa,Africa
NP-18700,Nora Preis,Consumer,Marseille,Provence-Alpes-Côte d'Azur,France,EU,Central
